timestamp,power_w,temperature_c,gpu_util_pct,memory_used_mib,graphics_clock_mhz,memory_clock_mhz
2026/07/30 23:20:14.977, 40.02, 44, 0, 770, 180, 7001
2026/07/30 23:20:16.039, 83.88, 45, 0, 1307, 2610, 13365
2026/07/30 23:20:17.106, 83.75, 45, 0, 76637, 2610, 13365
2026/07/30 23:20:18.189, 104.23, 45, 83, 76637, 2610, 13365
2026/07/30 23:20:19.259, 105.08, 45, 84, 76637, 2617, 13365
2026/07/30 23:20:20.327, 105.17, 45, 85, 76637, 2610, 13365
2026/07/30 23:20:21.399, 105.40, 45, 85, 76637, 2617, 13365
2026/07/30 23:20:22.497, 112.03, 45, 84, 93171, 2610, 13365
2026/07/30 23:20:23.560, 106.68, 45, 0, 93171, 2617, 13365
2026/07/30 23:20:24.623, 88.21, 44, 0, 93171, 2610, 13365
2026/07/30 23:20:25.696, 152.66, 55, 76, 93253, 2280, 13365
2026/07/30 23:20:26.778, 174.53, 46, 75, 93253, 2587, 13365
2026/07/30 23:20:27.854, 230.26, 46, 79, 93285, 2610, 13365
2026/07/30 23:20:28.937, 193.07, 46, 77, 93285, 2610, 13365
2026/07/30 23:20:30.023, 176.67, 56, 93, 93289, 2265, 13365
2026/07/30 23:20:31.102, 176.41, 47, 78, 93289, 2610, 13365
2026/07/30 23:20:32.175, 225.46, 46, 78, 93293, 2602, 13365
2026/07/30 23:20:33.255, 178.57, 55, 100, 93297, 2145, 13365
2026/07/30 23:20:34.331, 183.42, 48, 85, 93297, 2212, 13365
2026/07/30 23:20:35.413, 178.09, 48, 80, 93301, 2610, 13365
2026/07/30 23:20:36.485, 227.14, 46, 79, 93305, 2610, 13365
2026/07/30 23:20:37.562, 178.63, 47, 77, 93305, 2595, 13365
2026/07/30 23:20:38.642, 178.42, 47, 77, 93309, 2610, 13365
2026/07/30 23:20:39.714, 200.74, 46, 75, 93313, 2610, 13365
2026/07/30 23:20:40.782, 214.00, 46, 79, 93313, 2587, 13365
2026/07/30 23:20:41.854, 179.76, 52, 98, 93317, 2115, 13365
2026/07/30 23:20:42.927, 179.18, 47, 80, 93317, 2595, 13365
2026/07/30 23:20:44.000, 229.65, 47, 79, 93321, 2610, 13365
2026/07/30 23:20:45.075, 179.89, 47, 79, 93325, 2632, 13365
2026/07/30 23:20:46.150, 185.54, 47, 80, 93325, 2610, 13365
2026/07/30 23:20:47.223, 234.33, 47, 78, 93329, 2610, 13365
2026/07/30 23:20:48.294, 186.36, 56, 97, 93333, 2152, 13365
2026/07/30 23:20:49.363, 181.10, 48, 81, 93333, 2355, 13365
2026/07/30 23:20:50.427, 205.12, 47, 78, 93337, 2610, 13365
2026/07/30 23:20:51.502, 214.77, 47, 78, 93341, 2610, 13365
2026/07/30 23:20:52.578, 182.65, 47, 80, 93341, 2580, 13365
2026/07/30 23:20:53.647, 186.18, 47, 73, 93345, 2610, 13365
2026/07/30 23:20:54.720, 232.06, 57, 96, 93349, 2167, 13365
2026/07/30 23:20:55.799, 181.60, 48, 79, 93349, 2145, 13365
2026/07/30 23:20:56.865, 213.74, 47, 79, 93353, 2610, 13365
2026/07/30 23:20:57.937, 231.54, 47, 78, 93357, 2610, 13365
2026/07/30 23:20:59.018, 181.67, 49, 79, 93357, 2565, 13365
2026/07/30 23:21:00.089, 185.91, 47, 76, 93361, 2610, 13365
2026/07/30 23:21:01.161, 233.01, 57, 96, 93365, 2190, 13365
2026/07/30 23:21:02.231, 183.93, 48, 79, 93365, 2317, 13365
2026/07/30 23:21:03.302, 187.72, 48, 79, 93369, 2610, 13365
2026/07/30 23:21:04.370, 233.00, 47, 77, 93373, 2610, 13365
2026/07/30 23:21:05.446, 182.79, 55, 86, 93373, 2452, 13365
2026/07/30 23:21:06.516, 182.03, 49, 85, 93377, 2145, 13365
2026/07/30 23:21:07.585, 232.81, 53, 100, 93381, 2085, 13365
2026/07/30 23:21:08.661, 182.83, 48, 78, 93381, 2520, 13365
2026/07/30 23:21:09.741, 182.18, 47, 78, 93385, 2610, 13365
2026/07/30 23:21:10.816, 232.32, 47, 76, 93389, 2610, 13365
2026/07/30 23:21:11.893, 182.81, 54, 100, 93389, 2092, 13365
2026/07/30 23:21:12.958, 219.95, 49, 77, 93393, 2520, 13365
2026/07/30 23:21:14.030, 234.31, 48, 77, 93397, 2610, 13365
2026/07/30 23:21:15.104, 182.67, 48, 78, 93397, 2610, 13365
2026/07/30 23:21:16.169, 220.69, 48, 78, 93401, 2610, 13365
2026/07/30 23:21:17.236, 233.78, 57, 95, 93405, 2197, 13365
2026/07/30 23:21:18.312, 182.85, 49, 80, 93405, 2280, 13365
2026/07/30 23:21:19.380, 228.32, 48, 78, 93409, 2610, 13365
2026/07/30 23:21:20.455, 198.30, 48, 77, 93413, 2610, 13365
2026/07/30 23:21:21.532, 183.15, 57, 95, 93413, 2190, 13365
2026/07/30 23:21:22.595, 230.42, 48, 75, 93417, 2595, 13365
2026/07/30 23:21:23.666, 197.35, 51, 95, 93421, 2055, 13365
2026/07/30 23:21:24.740, 183.61, 49, 78, 93421, 2610, 13365
2026/07/30 23:21:25.810, 235.23, 48, 76, 93425, 2610, 13365
2026/07/30 23:21:26.888, 192.34, 55, 84, 93429, 2482, 13365
2026/07/30 23:21:27.967, 183.26, 50, 86, 93429, 2070, 13365
2026/07/30 23:21:29.043, 237.85, 48, 78, 93433, 2610, 13365
2026/07/30 23:21:30.118, 190.47, 49, 81, 93437, 2512, 13365
2026/07/30 23:21:31.199, 188.89, 48, 77, 93437, 2610, 13365
2026/07/30 23:21:32.274, 235.92, 48, 76, 93441, 2610, 13365
2026/07/30 23:21:33.351, 184.53, 53, 100, 93445, 2062, 13365
2026/07/30 23:21:34.421, 184.05, 49, 79, 93449, 2640, 13365
2026/07/30 23:21:35.495, 236.52, 49, 78, 93449, 2610, 13365
2026/07/30 23:21:36.568, 189.26, 48, 79, 93453, 2625, 13365
2026/07/30 23:21:37.635, 208.10, 48, 75, 93457, 2610, 13365
2026/07/30 23:21:38.702, 220.49, 53, 100, 93457, 2040, 13365
2026/07/30 23:21:39.774, 183.73, 49, 79, 93461, 2520, 13365
2026/07/30 23:21:40.850, 246.35, 48, 77, 93465, 2610, 13365
2026/07/30 23:21:41.929, 195.29, 48, 78, 93465, 2587, 13365
2026/07/30 23:21:43.005, 188.50, 50, 87, 93469, 2047, 13365
2026/07/30 23:21:44.077, 237.25, 53, 100, 93473, 2047, 13365
2026/07/30 23:21:45.158, 184.74, 49, 78, 93473, 2655, 13365
2026/07/30 23:21:46.226, 210.91, 48, 76, 93477, 2610, 13365
2026/07/30 23:21:47.295, 219.23, 58, 91, 93481, 2317, 13365
2026/07/30 23:21:48.362, 184.06, 49, 78, 93481, 2220, 13365
2026/07/30 23:21:49.432, 240.37, 48, 76, 93485, 2610, 13365
2026/07/30 23:21:50.509, 190.41, 48, 74, 93489, 2610, 13365
2026/07/30 23:21:51.584, 184.30, 48, 77, 93493, 2610, 13365
2026/07/30 23:21:52.653, 237.84, 58, 94, 93493, 2242, 13365
2026/07/30 23:21:53.727, 187.12, 50, 78, 93497, 2340, 13365
2026/07/30 23:21:54.795, 218.20, 49, 77, 93501, 2610, 13365
2026/07/30 23:21:55.863, 214.81, 48, 74, 93501, 2602, 13365
2026/07/30 23:21:56.939, 186.06, 53, 97, 93505, 2025, 13365
2026/07/30 23:21:58.013, 239.71, 49, 79, 93509, 2610, 13365
2026/07/30 23:21:59.090, 190.93, 49, 77, 93509, 2625, 13365
2026/07/30 23:22:00.160, 204.01, 49, 76, 93513, 2610, 13365
2026/07/30 23:22:01.228, 238.95, 57, 87, 93517, 2407, 13365
2026/07/30 23:22:02.299, 185.60, 50, 81, 93517, 2092, 13365
2026/07/30 23:22:03.367, 243.03, 50, 76, 93521, 2610, 13365
2026/07/30 23:22:04.441, 215.83, 49, 73, 93525, 2602, 13365
2026/07/30 23:22:05.515, 185.34, 51, 89, 93529, 2032, 13365
2026/07/30 23:22:06.586, 239.01, 54, 100, 93529, 2070, 13365
2026/07/30 23:22:07.655, 186.61, 49, 80, 93533, 2610, 13365
2026/07/30 23:22:08.721, 226.69, 49, 76, 93537, 2610, 13365
2026/07/30 23:22:09.794, 207.78, 55, 100, 93537, 2047, 13365
2026/07/30 23:22:10.873, 191.09, 50, 77, 93541, 2452, 13365
2026/07/30 23:22:11.946, 237.48, 49, 77, 93545, 2610, 13365
2026/07/30 23:22:13.012, 190.24, 57, 74, 93545, 2587, 13365
2026/07/30 23:22:14.081, 209.84, 56, 75, 93549, 2610, 13365
2026/07/30 23:22:15.159, 224.56, 51, 100, 93553, 2032, 13365
2026/07/30 23:22:16.234, 187.51, 49, 78, 93553, 2647, 13365
2026/07/30 23:22:17.309, 248.26, 49, 75, 93557, 2610, 13365
2026/07/30 23:22:18.386, 193.91, 52, 100, 93561, 2070, 13365
2026/07/30 23:22:19.454, 230.57, 50, 78, 93565, 2452, 13365
2026/07/30 23:22:20.523, 240.92, 49, 78, 93565, 2610, 13365
2026/07/30 23:22:21.597, 191.71, 49, 76, 93569, 2610, 13365
2026/07/30 23:22:22.670, 252.11, 55, 79, 93573, 2542, 13365
2026/07/30 23:22:23.747, 188.09, 50, 89, 93573, 2017, 13365
2026/07/30 23:22:24.814, 186.89, 49, 75, 93577, 2610, 13365
2026/07/30 23:22:25.883, 211.57, 49, 75, 93581, 2610, 13365
2026/07/30 23:22:26.954, 188.03, 51, 100, 93581, 2032, 13365
2026/07/30 23:22:28.020, 234.39, 50, 79, 93585, 2587, 13365
2026/07/30 23:22:29.091, 205.11, 49, 78, 93589, 2370, 13365
2026/07/30 23:22:30.164, 188.05, 49, 78, 93589, 2610, 13365
2026/07/30 23:22:31.236, 251.06, 59, 74, 93593, 2602, 13365
2026/07/30 23:22:32.312, 190.91, 50, 85, 93597, 2100, 13365
2026/07/30 23:22:33.383, 246.65, 49, 76, 93601, 2610, 13365
2026/07/30 23:22:34.461, 194.01, 56, 78, 93601, 2565, 13365
2026/07/30 23:22:35.529, 187.13, 50, 83, 93605, 2040, 13365
2026/07/30 23:22:36.599, 243.96, 51, 87, 93609, 2017, 13365
2026/07/30 23:22:37.673, 187.63, 49, 75, 93609, 2632, 13365
2026/07/30 23:22:38.756, 243.07, 59, 73, 93613, 2610, 13365
2026/07/30 23:22:39.838, 196.75, 51, 98, 93617, 2010, 13365
2026/07/30 23:22:40.905, 216.90, 50, 79, 93621, 2610, 13365
2026/07/30 23:22:41.976, 223.10, 49, 74, 93621, 2610, 13365
2026/07/30 23:22:43.044, 188.58, 54, 92, 93625, 2295, 13365
2026/07/30 23:22:44.109, 245.38, 54, 84, 93629, 2445, 13365
2026/07/30 23:22:45.182, 199.91, 50, 81, 93629, 2137, 13365
2026/07/30 23:22:46.250, 221.23, 50, 77, 93633, 2610, 13365
2026/07/30 23:22:47.318, 245.08, 59, 93, 93637, 2602, 13365
2026/07/30 23:22:48.384, 194.76, 51, 78, 93637, 2017, 13365
2026/07/30 23:22:49.452, 254.37, 50, 76, 93641, 2617, 13365
2026/07/30 23:22:50.528, 208.33, 55, 81, 93645, 2610, 13365
2026/07/30 23:22:51.598, 188.72, 49, 73, 93649, 2610, 13365
2026/07/30 23:22:52.664, 246.28, 52, 89, 93649, 2010, 13365
2026/07/30 23:22:53.734, 194.12, 50, 78, 93653, 2632, 13365
2026/07/30 23:22:54.801, 245.38, 49, 74, 93657, 2610, 13365
2026/07/30 23:22:55.872, 200.98, 55, 100, 93657, 2437, 13365
2026/07/30 23:22:56.947, 189.63, 51, 79, 93661, 2137, 13365
2026/07/30 23:22:58.013, 257.73, 51, 77, 93665, 2685, 13365
2026/07/30 23:22:59.082, 191.36, 50, 75, 93665, 2610, 13365
2026/07/30 23:23:00.148, 242.09, 49, 75, 93669, 2610, 13365
2026/07/30 23:23:01.219, 246.52, 52, 93, 93673, 2010, 13365
2026/07/30 23:23:02.293, 191.25, 51, 75, 93673, 2535, 13365
2026/07/30 23:23:03.362, 257.95, 50, 75, 93677, 2610, 13365
2026/07/30 23:23:04.431, 198.77, 55, 100, 93681, 2415, 13365
2026/07/30 23:23:05.503, 196.40, 51, 79, 93685, 2265, 13365
2026/07/30 23:23:06.574, 248.10, 51, 79, 93685, 1980, 13365
2026/07/30 23:23:07.644, 192.12, 51, 76, 93689, 2610, 13365
2026/07/30 23:23:08.714, 244.41, 54, 78, 93693, 2610, 13365
2026/07/30 23:23:09.787, 206.06, 52, 89, 93693, 1987, 13365
2026/07/30 23:23:10.861, 196.85, 51, 77, 93697, 2460, 13365
2026/07/30 23:23:11.938, 259.57, 50, 76, 93701, 2610, 13365
2026/07/30 23:23:13.012, 192.91, 57, 100, 93701, 2572, 13365
2026/07/30 23:23:14.079, 213.56, 57, 83, 93705, 2610, 13365
2026/07/30 23:23:15.151, 232.24, 52, 90, 93709, 1987, 13365
2026/07/30 23:23:16.225, 193.21, 51, 77, 93709, 2587, 13365
2026/07/30 23:23:17.292, 244.83, 50, 74, 93713, 2610, 13365
2026/07/30 23:23:18.357, 207.45, 55, 100, 93717, 2377, 13365
2026/07/30 23:23:19.424, 198.04, 51, 79, 93717, 2107, 13365
2026/07/30 23:23:20.496, 261.59, 50, 75, 93721, 2610, 13365
2026/07/30 23:23:21.571, 192.55, 50, 76, 93725, 2617, 13365
2026/07/30 23:23:22.639, 227.55, 59, 90, 93729, 2610, 13365
2026/07/30 23:23:23.708, 222.54, 51, 78, 93729, 1957, 13365
2026/07/30 23:23:24.780, 197.69, 50, 75, 93733, 2610, 13365
2026/07/30 23:23:25.859, 249.05, 58, 84, 93737, 2610, 13365
2026/07/30 23:23:26.933, 199.31, 53, 84, 93737, 1972, 13365
2026/07/30 23:23:28.001, 249.50, 51, 77, 93741, 2610, 13365
2026/07/30 23:23:29.080, 204.74, 51, 76, 93745, 2670, 13365
2026/07/30 23:23:30.155, 221.60, 51, 73, 93749, 2610, 13365
2026/07/30 23:23:31.226, 249.81, 56, 100, 93749, 2137, 13365
2026/07/30 23:23:32.306, 197.43, 50, 76, 93753, 2460, 13365
2026/07/30 23:23:33.390, 261.33, 50, 72, 93757, 2610, 13365
2026/07/30 23:23:34.472, 194.20, 55, 97, 93757, 2070, 13365
2026/07/30 23:23:35.541, 229.75, 51, 76, 93761, 2475, 13365
2026/07/30 23:23:36.620, 213.80, 51, 75, 93765, 2452, 13365
2026/07/30 23:23:37.687, 212.30, 50, 73, 93769, 2610, 13365
2026/07/30 23:23:38.753, 239.30, 55, 100, 93769, 2302, 13365
2026/07/30 23:23:39.823, 193.49, 51, 76, 93773, 2317, 13365
2026/07/30 23:23:40.899, 260.18, 50, 75, 93777, 2610, 13365
2026/07/30 23:23:41.971, 200.27, 55, 100, 93777, 2332, 13365
2026/07/30 23:23:43.042, 245.34, 51, 76, 93781, 2422, 13365
2026/07/30 23:23:44.116, 209.52, 50, 76, 93785, 2767, 13365
2026/07/30 23:23:45.184, 244.24, 50, 72, 93789, 2610, 13365
2026/07/30 23:23:46.249, 211.94, 52, 87, 93789, 1972, 13365
2026/07/30 23:23:47.316, 199.21, 50, 76, 93793, 2767, 13365
2026/07/30 23:23:48.383, 252.50, 51, 72, 93797, 2610, 13365
2026/07/30 23:23:49.463, 194.43, 53, 93, 93797, 1987, 13365
2026/07/30 23:23:50.533, 247.26, 51, 74, 93801, 2580, 13365
2026/07/30 23:23:51.606, 209.44, 51, 76, 93805, 2610, 13365
2026/07/30 23:23:52.675, 225.76, 50, 74, 93809, 2610, 13365
2026/07/30 23:23:53.748, 230.97, 56, 100, 93809, 2092, 13365
2026/07/30 23:23:54.825, 196.19, 51, 75, 93813, 2377, 13365
2026/07/30 23:23:55.899, 244.56, 50, 76, 93817, 2617, 13365
2026/07/30 23:23:56.980, 204.46, 56, 100, 93817, 2527, 13365
2026/07/30 23:23:58.056, 249.07, 51, 76, 93821, 2212, 13365
2026/07/30 23:23:59.128, 238.61, 51, 76, 93825, 2235, 13365
2026/07/30 23:24:00.198, 193.41, 50, 75, 93829, 2610, 13365
2026/07/30 23:24:01.271, 254.25, 56, 100, 93829, 2550, 13365
2026/07/30 23:24:02.348, 195.97, 52, 78, 93833, 2055, 13365
2026/07/30 23:24:03.421, 249.05, 51, 76, 93837, 2610, 13365
2026/07/30 23:24:04.493, 211.09, 59, 89, 93837, 2610, 13365
2026/07/30 23:24:05.569, 200.20, 50, 72, 93841, 2610, 13365
2026/07/30 23:24:06.635, 245.09, 56, 100, 93845, 2257, 13365
2026/07/30 23:24:07.713, 206.24, 51, 77, 93845, 2317, 13365
2026/07/30 23:24:08.783, 234.07, 51, 73, 93849, 2625, 13365
2026/07/30 23:24:09.858, 212.28, 56, 100, 93853, 2512, 13365
2026/07/30 23:24:10.941, 196.15, 54, 77, 93853, 1980, 13365
2026/07/30 23:24:12.013, 267.58, 50, 75, 93857, 2647, 13365
2026/07/30 23:24:13.086, 197.57, 51, 76, 93861, 2655, 13365
2026/07/30 23:24:14.156, 227.80, 50, 73, 93865, 2610, 13365
2026/07/30 23:24:15.230, 255.23, 55, 100, 93865, 2400, 13365
2026/07/30 23:24:16.310, 197.57, 52, 77, 93869, 2032, 13365
2026/07/30 23:24:17.378, 253.23, 51, 76, 93873, 2610, 13365
2026/07/30 23:24:18.449, 210.68, 60, 97, 93873, 2602, 13365
2026/07/30 23:24:19.522, 195.10, 52, 81, 93877, 1935, 13365
2026/07/30 23:24:20.594, 257.12, 53, 91, 93881, 1927, 13365
2026/07/30 23:24:21.669, 197.65, 51, 76, 93881, 2475, 13365
2026/07/30 23:24:22.741, 203.98, 51, 73, 93885, 2610, 13365
2026/07/30 23:24:23.813, 255.07, 57, 100, 93889, 2565, 13365
2026/07/30 23:24:24.891, 201.67, 51, 79, 93889, 1950, 13365
2026/07/30 23:24:25.968, 267.93, 51, 76, 93893, 2647, 13365
2026/07/30 23:24:27.043, 213.33, 59, 89, 93897, 2610, 13365
2026/07/30 23:24:28.110, 225.27, 59, 85, 93901, 2610, 13365
2026/07/30 23:24:29.178, 237.12, 53, 89, 93901, 1935, 13365
2026/07/30 23:24:30.248, 198.67, 51, 76, 93905, 2490, 13365
2026/07/30 23:24:31.313, 250.81, 51, 73, 93909, 2610, 13365
2026/07/30 23:24:32.389, 205.77, 55, 100, 93909, 2325, 13365
2026/07/30 23:24:33.459, 212.59, 52, 78, 93913, 2145, 13365
2026/07/30 23:24:34.528, 257.49, 51, 77, 93917, 2610, 13365
2026/07/30 23:24:35.600, 205.38, 51, 74, 93917, 2632, 13365
2026/07/30 23:24:36.667, 256.74, 60, 90, 93921, 2610, 13365
2026/07/30 23:24:37.739, 233.66, 53, 79, 93925, 1912, 13365
2026/07/30 23:24:38.810, 196.46, 51, 75, 93929, 2610, 13365
2026/07/30 23:24:39.882, 228.76, 59, 89, 93929, 2610, 13365
2026/07/30 23:24:40.954, 202.83, 53, 79, 93933, 1920, 13365
2026/07/30 23:24:42.032, 262.36, 51, 74, 93937, 2610, 13365
2026/07/30 23:24:43.104, 206.20, 51, 74, 93937, 2677, 13365
2026/07/30 23:24:44.168, 234.50, 51, 73, 93941, 2610, 13365
2026/07/30 23:24:45.233, 258.18, 57, 100, 93945, 2115, 13365
2026/07/30 23:24:46.304, 203.54, 51, 73, 93945, 2460, 13365
2026/07/30 23:24:47.378, 269.37, 51, 73, 93949, 2610, 13365
2026/07/30 23:24:48.447, 203.11, 56, 100, 93953, 2415, 13365
2026/07/30 23:24:49.515, 224.17, 52, 77, 93957, 2220, 13365
2026/07/30 23:24:50.586, 243.93, 53, 77, 93957, 2017, 13365
2026/07/30 23:24:51.657, 197.31, 52, 76, 93961, 2655, 13365
2026/07/30 23:24:52.731, 261.24, 60, 94, 93965, 2602, 13365
2026/07/30 23:24:53.806, 210.53, 52, 78, 93965, 1905, 13365
2026/07/30 23:24:54.872, 237.35, 51, 75, 93969, 2602, 13365
2026/07/30 23:24:55.944, 233.87, 51, 74, 93973, 2610, 13365
2026/07/30 23:24:57.024, 205.23, 54, 94, 93973, 1950, 13365
2026/07/30 23:24:58.098, 267.32, 57, 100, 93977, 2115, 13365
2026/07/30 23:24:59.177, 206.99, 51, 77, 93981, 2460, 13365
2026/07/30 23:25:00.251, 256.17, 51, 72, 93985, 2610, 13365
2026/07/30 23:25:01.330, 245.04, 57, 100, 93985, 2182, 13365
2026/07/30 23:25:02.401, 199.35, 52, 78, 93989, 2377, 13365
2026/07/30 23:25:03.470, 261.55, 51, 74, 93993, 2610, 13365
2026/07/30 23:25:04.543, 204.66, 56, 100, 93993, 2257, 13365
2026/07/30 23:25:05.621, 267.37, 57, 100, 93997, 2137, 13365
2026/07/30 23:25:06.696, 207.94, 52, 78, 94001, 2430, 13365
2026/07/30 23:25:07.767, 255.98, 51, 72, 94005, 2610, 13365
2026/07/30 23:25:08.846, 218.07, 57, 100, 94005, 2115, 13365
2026/07/30 23:25:09.921, 213.13, 52, 76, 94009, 2460, 13365
2026/07/30 23:25:10.998, 258.23, 51, 72, 94013, 2610, 13365
2026/07/30 23:25:12.069, 224.70, 58, 82, 94017, 2610, 13365
2026/07/30 23:25:13.141, 247.51, 53, 88, 94017, 1927, 13365
2026/07/30 23:25:14.221, 202.08, 51, 75, 94021, 2595, 13365
2026/07/30 23:25:15.298, 272.70, 53, 77, 94025, 2610, 13365
2026/07/30 23:25:16.373, 204.83, 55, 92, 94025, 1905, 13365
2026/07/30 23:25:17.440, 231.96, 51, 74, 94029, 2700, 13365
2026/07/30 23:25:18.506, 243.02, 54, 75, 94033, 2610, 13365
2026/07/30 23:25:19.573, 200.07, 51, 71, 94037, 2610, 13365
2026/07/30 23:25:20.645, 264.67, 58, 98, 94037, 2010, 13365
2026/07/30 23:25:21.721, 203.40, 52, 76, 94041, 2505, 13365
2026/07/30 23:25:22.786, 258.53, 52, 74, 94045, 2610, 13365
2026/07/30 23:25:23.852, 219.15, 57, 100, 94045, 2197, 13365
2026/07/30 23:25:24.918, 209.53, 52, 75, 94049, 2377, 13365
2026/07/30 23:25:25.991, 261.58, 52, 70, 94053, 2610, 13365
2026/07/30 23:25:27.066, 209.34, 53, 71, 94057, 2610, 13365
2026/07/30 23:25:28.143, 261.05, 55, 92, 94057, 1912, 13365
2026/07/30 23:25:29.216, 204.13, 53, 75, 94061, 2692, 13365
2026/07/30 23:25:30.287, 272.68, 53, 74, 94065, 2610, 13365
2026/07/30 23:25:31.365, 208.70, 54, 93, 94065, 1912, 13365
2026/07/30 23:25:32.433, 230.84, 52, 74, 94069, 2580, 13365
2026/07/30 23:25:33.499, 248.28, 51, 72, 94073, 2610, 13365
2026/07/30 23:25:34.568, 211.88, 54, 74, 94077, 2610, 13365
2026/07/30 23:25:35.641, 274.60, 55, 93, 94077, 1905, 13365
2026/07/30 23:25:36.713, 203.93, 52, 75, 94081, 2595, 13365
2026/07/30 23:25:37.777, 259.36, 51, 72, 94085, 2610, 13365
2026/07/30 23:25:38.848, 219.86, 58, 100, 94085, 2115, 13365
2026/07/30 23:25:39.917, 218.02, 52, 72, 94089, 2460, 13365
2026/07/30 23:25:40.989, 256.57, 51, 72, 94093, 2610, 13365
2026/07/30 23:25:42.071, 204.80, 51, 73, 94093, 2610, 13365
2026/07/30 23:25:43.140, 274.52, 58, 100, 94097, 2062, 13365
2026/07/30 23:25:44.214, 210.68, 52, 76, 94101, 2407, 13365
2026/07/30 23:25:45.281, 263.32, 51, 72, 94105, 2610, 13365
2026/07/30 23:25:46.354, 218.93, 58, 100, 94105, 2025, 13365
2026/07/30 23:25:47.418, 228.53, 52, 74, 94109, 2595, 13365
2026/07/30 23:25:48.487, 248.03, 51, 71, 94113, 2610, 13365
2026/07/30 23:25:49.558, 205.11, 58, 100, 94113, 2107, 13365
2026/07/30 23:25:50.629, 272.56, 58, 100, 94117, 2107, 13365
2026/07/30 23:25:51.703, 211.83, 52, 77, 94121, 2400, 13365
2026/07/30 23:25:52.771, 260.55, 52, 73, 94125, 2610, 13365
2026/07/30 23:25:53.843, 224.45, 58, 100, 94125, 2115, 13365
2026/07/30 23:25:54.911, 209.99, 52, 78, 94129, 2385, 13365
2026/07/30 23:25:55.978, 268.64, 52, 73, 94133, 2610, 13365
2026/07/30 23:25:57.053, 210.33, 56, 100, 94133, 2332, 13365
2026/07/30 23:25:58.121, 261.69, 56, 100, 94137, 2407, 13365
2026/07/30 23:25:59.192, 224.86, 52, 79, 94141, 1972, 13365
2026/07/30 23:26:00.259, 236.01, 52, 74, 94145, 2610, 13365
2026/07/30 23:26:01.331, 254.95, 61, 93, 94145, 2610, 13365
2026/07/30 23:26:02.406, 206.67, 53, 81, 94149, 1882, 13365
2026/07/30 23:26:03.473, 268.57, 53, 74, 94153, 2647, 13365
2026/07/30 23:26:04.543, 219.15, 57, 83, 94153, 2610, 13365
2026/07/30 23:26:05.617, 210.63, 51, 72, 94157, 2610, 13365
2026/07/30 23:26:06.687, 269.70, 58, 99, 94161, 1980, 13365
2026/07/30 23:26:07.754, 210.97, 52, 79, 94161, 2385, 13365
2026/07/30 23:26:08.823, 255.26, 52, 75, 94165, 2625, 13365
2026/07/30 23:26:09.892, 232.58, 56, 100, 94169, 2520, 13365
2026/07/30 23:26:10.957, 225.32, 53, 78, 94173, 2100, 13365
2026/07/30 23:26:12.028, 270.79, 52, 75, 94173, 2655, 13365
2026/07/30 23:26:13.106, 212.97, 52, 75, 94177, 2610, 13365
2026/07/30 23:26:14.170, 268.56, 61, 95, 94181, 2610, 13365
2026/07/30 23:26:15.240, 239.91, 54, 84, 94181, 1852, 13365
2026/07/30 23:26:16.308, 203.93, 52, 75, 94185, 2647, 13365
2026/07/30 23:26:17.381, 271.94, 52, 72, 94189, 2610, 13365
2026/07/30 23:26:18.454, 208.01, 57, 100, 94189, 2190, 13365
2026/07/30 23:26:19.525, 205.91, 54, 79, 94193, 2055, 13365
2026/07/30 23:26:20.596, 239.21, 53, 77, 94197, 1852, 13365
2026/07/30 23:26:21.674, 207.81, 52, 74, 94197, 2617, 13365
2026/07/30 23:26:22.744, 271.38, 59, 85, 94201, 2610, 13365
2026/07/30 23:26:23.813, 228.81, 55, 95, 94205, 1920, 13365
2026/07/30 23:26:24.886, 205.73, 52, 79, 94205, 2497, 13365
2026/07/30 23:26:25.962, 271.64, 52, 75, 94209, 2625, 13365
2026/07/30 23:26:27.032, 215.32, 60, 97, 94213, 2602, 13365
2026/07/30 23:26:28.099, 240.51, 59, 89, 94217, 2610, 13365
2026/07/30 23:26:29.166, 245.27, 54, 90, 94217, 1860, 13365
2026/07/30 23:26:30.240, 207.98, 53, 75, 94221, 2542, 13365
2026/07/30 23:26:31.308, 262.02, 52, 73, 94225, 2610, 13365
2026/07/30 23:26:32.380, 215.30, 56, 100, 94225, 2257, 13365
2026/07/30 23:26:33.451, 218.29, 55, 80, 94229, 2070, 13365
2026/07/30 23:26:34.520, 272.19, 52, 74, 94233, 2610, 13365
2026/07/30 23:26:35.598, 209.49, 52, 75, 94233, 2655, 13365
2026/07/30 23:26:36.662, 265.57, 60, 86, 94237, 2610, 13365
2026/07/30 23:26:37.731, 252.58, 58, 98, 94241, 1950, 13365
2026/07/30 23:26:38.806, 209.45, 52, 79, 94241, 2460, 13365
2026/07/30 23:26:39.871, 273.54, 52, 74, 94245, 2610, 13365
2026/07/30 23:26:40.945, 224.03, 60, 97, 94249, 2602, 13365
2026/07/30 23:26:42.019, 210.82, 54, 89, 94249, 1830, 13365
2026/07/30 23:26:43.089, 272.60, 56, 100, 94253, 2197, 13365
2026/07/30 23:26:44.158, 226.40, 53, 79, 94257, 2010, 13365
2026/07/30 23:26:45.230, 213.64, 52, 75, 94257, 2610, 13365
2026/07/30 23:26:46.297, 275.29, 54, 76, 94261, 2610, 13365
2026/07/30 23:26:47.370, 217.93, 58, 100, 94265, 2122, 13365
2026/07/30 23:26:48.435, 214.24, 53, 78, 94269, 2280, 13365
2026/07/30 23:26:49.510, 273.85, 52, 75, 94269, 2610, 13365
2026/07/30 23:26:50.594, 211.20, 52, 73, 94273, 2595, 13365
2026/07/30 23:26:51.664, 230.90, 52, 73, 94277, 2610, 13365
2026/07/30 23:26:52.736, 271.93, 56, 100, 94277, 2452, 13365
2026/07/30 23:26:53.802, 218.53, 53, 77, 94281, 1852, 13365
2026/07/30 23:26:54.867, 252.63, 52, 74, 94285, 2617, 13365
2026/07/30 23:26:55.933, 275.83, 54, 74, 94285, 2610, 13365
2026/07/30 23:26:57.004, 214.83, 59, 100, 94289, 1980, 13365
2026/07/30 23:26:58.072, 267.57, 56, 100, 94293, 2370, 13365
2026/07/30 23:26:59.136, 251.70, 53, 78, 94293, 1837, 13365
2026/07/30 23:27:00.209, 211.26, 52, 77, 94297, 2647, 13365
2026/07/30 23:27:01.281, 270.84, 52, 70, 94301, 2610, 13365
2026/07/30 23:27:02.357, 229.37, 58, 100, 94301, 2092, 13365
2026/07/30 23:27:03.433, 208.64, 54, 79, 94305, 2070, 13365
2026/07/30 23:27:04.507, 277.90, 52, 73, 94309, 2610, 13365
2026/07/30 23:27:05.589, 218.43, 52, 75, 94309, 2625, 13365
2026/07/30 23:27:06.658, 265.48, 59, 84, 94313, 2610, 13365
2026/07/30 23:27:07.728, 259.53, 55, 94, 94317, 1867, 13365
2026/07/30 23:27:08.805, 211.19, 53, 75, 94317, 2460, 13365
2026/07/30 23:27:09.878, 280.19, 52, 73, 94321, 2610, 13365
2026/07/30 23:27:10.959, 214.58, 57, 100, 94325, 2362, 13365
2026/07/30 23:27:12.031, 208.10, 53, 79, 94329, 1822, 13365
2026/07/30 23:27:13.101, 277.30, 54, 83, 94329, 1800, 13365
2026/07/30 23:27:14.176, 212.26, 53, 74, 94333, 2692, 13365
2026/07/30 23:27:15.250, 270.26, 52, 72, 94337, 2610, 13365
2026/07/30 23:27:16.325, 255.12, 59, 100, 94337, 2047, 13365
2026/07/30 23:27:17.404, 209.11, 54, 78, 94341, 2227, 13365
2026/07/30 23:27:18.476, 278.61, 52, 74, 94345, 2610, 13365
2026/07/30 23:27:19.548, 212.81, 61, 97, 94345, 2610, 13365
2026/07/30 23:27:20.619, 251.62, 61, 91, 94349, 2602, 13365
2026/07/30 23:27:21.695, 250.87, 54, 83, 94353, 1770, 13365
2026/07/30 23:27:22.778, 208.84, 53, 75, 94353, 2587, 13365
2026/07/30 23:27:23.856, 280.54, 52, 73, 94357, 2610, 13365
2026/07/30 23:27:24.934, 228.97, 59, 100, 94361, 1987, 13365
2026/07/30 23:27:26.000, 262.69, 54, 78, 94365, 2430, 13365
2026/07/30 23:27:27.070, 242.36, 52, 73, 94365, 2610, 13365
2026/07/30 23:27:28.136, 213.80, 52, 75, 94369, 2610, 13365
2026/07/30 23:27:29.203, 274.91, 61, 94, 94373, 2602, 13365
2026/07/30 23:27:30.275, 221.64, 56, 92, 94373, 1777, 13365
2026/07/30 23:27:31.343, 213.61, 53, 75, 94377, 2670, 13365
2026/07/30 23:27:32.417, 280.02, 52, 71, 94381, 2610, 13365
2026/07/30 23:27:33.493, 214.16, 58, 100, 94381, 2085, 13365
2026/07/30 23:27:34.561, 283.32, 54, 76, 94385, 2347, 13365
2026/07/30 23:27:35.630, 240.54, 53, 77, 94389, 2407, 13365
2026/07/30 23:27:36.696, 250.20, 52, 72, 94393, 2610, 13365
2026/07/30 23:27:37.761, 254.91, 57, 100, 94393, 2175, 13365
2026/07/30 23:27:38.833, 212.92, 53, 77, 94397, 2430, 13365
2026/07/30 23:27:39.903, 285.40, 53, 72, 94401, 2610, 13365
2026/07/30 23:27:40.978, 219.08, 57, 100, 94401, 2400, 13365
2026/07/30 23:27:42.049, 263.83, 53, 78, 94405, 1965, 13365
2026/07/30 23:27:43.119, 274.43, 54, 78, 94409, 1815, 13365
2026/07/30 23:27:44.190, 213.52, 54, 73, 94409, 2662, 13365
2026/07/30 23:27:45.258, 291.68, 59, 84, 94413, 2610, 13365
2026/07/30 23:27:46.329, 239.80, 55, 93, 94417, 1807, 13365
2026/07/30 23:27:47.395, 233.41, 53, 73, 94421, 2602, 13365
2026/07/30 23:27:48.464, 265.98, 53, 71, 94421, 2610, 13365
2026/07/30 23:27:49.542, 214.94, 59, 100, 94425, 2032, 13365
2026/07/30 23:27:50.609, 280.04, 58, 100, 94429, 2175, 13365
2026/07/30 23:27:51.684, 221.34, 54, 77, 94429, 2302, 13365
2026/07/30 23:27:52.751, 264.11, 53, 71, 94433, 2677, 13365
2026/07/30 23:27:53.819, 276.97, 57, 100, 94437, 2497, 13365
2026/07/30 23:27:54.892, 215.16, 53, 75, 94437, 1897, 13365
2026/07/30 23:27:55.956, 285.00, 53, 75, 94441, 2677, 13365
2026/07/30 23:27:57.024, 237.83, 62, 95, 94445, 2610, 13365
2026/07/30 23:27:58.089, 253.76, 61, 94, 94449, 2602, 13365
2026/07/30 23:27:59.158, 254.89, 54, 86, 94449, 1725, 13365
2026/07/30 23:28:00.229, 215.11, 53, 74, 94453, 2662, 13365
2026/07/30 23:28:01.296, 280.07, 52, 73, 94457, 2610, 13365
2026/07/30 23:28:02.371, 231.43, 59, 100, 94457, 2010, 13365
2026/07/30 23:28:03.439, 262.91, 54, 78, 94461, 2340, 13365
2026/07/30 23:28:04.509, 252.89, 53, 72, 94465, 2610, 13365
2026/07/30 23:28:05.581, 214.38, 53, 73, 94465, 2625, 13365
2026/07/30 23:28:06.651, 286.68, 57, 100, 94469, 2377, 13365
2026/07/30 23:28:07.725, 237.13, 55, 78, 94473, 2145, 13365
2026/07/30 23:28:08.793, 266.89, 52, 70, 94477, 2625, 13365
2026/07/30 23:28:09.865, 240.48, 58, 100, 94477, 2295, 13365
2026/07/30 23:28:10.932, 216.30, 54, 78, 94481, 2122, 13365
2026/07/30 23:28:12.004, 283.17, 53, 72, 94485, 2632, 13365
2026/07/30 23:28:13.076, 214.99, 53, 73, 94485, 2610, 13365
2026/07/30 23:28:14.144, 276.28, 61, 94, 94489, 2610, 13365
2026/07/30 23:28:15.214, 253.20, 55, 91, 94493, 1717, 13365
2026/07/30 23:28:16.284, 217.45, 53, 72, 94493, 2512, 13365
2026/07/30 23:28:17.349, 279.22, 53, 72, 94497, 2610, 13365
2026/07/30 23:28:18.427, 241.42, 57, 100, 94501, 2130, 13365
2026/07/30 23:28:19.497, 255.84, 55, 78, 94505, 2167, 13365
2026/07/30 23:28:20.564, 259.34, 53, 71, 94505, 2610, 13365
2026/07/30 23:28:21.640, 212.13, 53, 74, 94509, 2655, 13365
2026/07/30 23:28:22.709, 278.89, 62, 96, 94513, 2610, 13365
2026/07/30 23:28:23.781, 237.92, 55, 91, 94513, 1695, 13365
2026/07/30 23:28:24.851, 254.90, 53, 75, 94517, 2535, 13365
2026/07/30 23:28:25.922, 286.42, 56, 74, 94521, 2610, 13365
2026/07/30 23:28:26.994, 216.76, 58, 100, 94521, 2010, 13365
2026/07/30 23:28:28.064, 288.45, 53, 78, 94525, 2370, 13365
2026/07/30 23:28:29.134, 248.54, 55, 78, 94529, 2197, 13365
2026/07/30 23:28:30.205, 219.54, 53, 74, 94533, 2610, 13365
2026/07/30 23:28:31.280, 284.26, 59, 100, 94533, 2565, 13365
2026/07/30 23:28:32.355, 217.58, 54, 76, 94537, 1740, 13365
2026/07/30 23:28:33.421, 267.37, 53, 72, 94541, 2647, 13365
2026/07/30 23:28:34.492, 248.24, 60, 86, 94541, 2610, 13365
2026/07/30 23:28:35.559, 236.48, 55, 93, 94545, 1755, 13365
2026/07/30 23:28:36.626, 285.92, 59, 100, 94549, 1912, 13365
2026/07/30 23:28:37.700, 227.21, 54, 76, 94549, 2512, 13365
2026/07/30 23:28:38.768, 274.50, 53, 72, 94553, 2610, 13365
2026/07/30 23:28:39.841, 261.04, 58, 100, 94557, 2227, 13365
2026/07/30 23:28:40.916, 220.35, 54, 79, 94557, 2002, 13365
2026/07/30 23:28:41.985, 288.14, 53, 74, 94561, 2655, 13365
2026/07/30 23:28:43.058, 223.56, 61, 89, 94565, 2610, 13365
2026/07/30 23:28:44.127, 233.32, 58, 79, 94569, 2610, 13365
2026/07/30 23:28:45.197, 275.67, 59, 100, 94569, 1927, 13365
2026/07/30 23:28:46.272, 218.04, 54, 77, 94573, 2355, 13365
2026/07/30 23:28:47.344, 288.06, 53, 71, 94577, 2610, 13365
2026/07/30 23:28:48.415, 246.03, 57, 100, 94577, 2377, 13365
2026/07/30 23:28:49.484, 249.60, 58, 79, 94581, 2047, 13365
2026/07/30 23:28:50.559, 261.17, 53, 73, 94585, 2610, 13365
2026/07/30 23:28:51.633, 217.88, 53, 74, 94585, 2655, 13365
2026/07/30 23:28:52.699, 286.07, 59, 100, 94589, 2602, 13365
2026/07/30 23:28:53.772, 234.63, 55, 89, 94593, 1725, 13365
2026/07/30 23:28:54.839, 215.47, 53, 73, 94597, 2520, 13365
2026/07/30 23:28:55.910, 287.50, 53, 71, 94597, 2610, 13365
2026/07/30 23:28:56.985, 228.21, 59, 100, 94601, 2182, 13365
2026/07/30 23:28:58.053, 271.01, 56, 78, 94605, 2025, 13365
2026/07/30 23:28:59.121, 279.26, 54, 79, 94605, 1777, 13365
2026/07/30 23:29:00.193, 219.19, 54, 75, 94609, 2670, 13365
2026/07/30 23:29:01.259, 284.91, 55, 75, 94613, 2610, 13365
2026/07/30 23:29:02.328, 254.89, 59, 100, 94613, 2055, 13365
2026/07/30 23:29:03.398, 214.30, 54, 78, 94617, 2280, 13365
2026/07/30 23:29:04.476, 289.34, 53, 74, 94621, 2610, 13365
2026/07/30 23:29:05.555, 219.80, 59, 100, 94621, 2602, 13365
2026/07/30 23:29:06.625, 244.28, 58, 87, 94625, 2610, 13365
2026/07/30 23:29:07.691, 252.78, 59, 98, 94629, 1890, 13365
2026/07/30 23:29:08.768, 218.92, 54, 78, 94629, 2497, 13365
2026/07/30 23:29:09.835, 280.69, 53, 71, 94633, 2610, 13365
2026/07/30 23:29:10.908, 242.38, 58, 100, 94637, 2182, 13365
2026/07/30 23:29:11.981, 231.30, 54, 76, 94641, 1912, 13365
2026/07/30 23:29:13.055, 282.82, 54, 72, 94641, 2655, 13365
2026/07/30 23:29:14.127, 227.99, 54, 74, 94645, 2692, 13365
2026/07/30 23:29:15.196, 259.61, 53, 71, 94649, 2610, 13365
2026/07/30 23:29:16.264, 257.23, 58, 100, 94649, 2295, 13365
2026/07/30 23:29:17.336, 220.01, 54, 77, 94653, 1897, 13365
2026/07/30 23:29:18.401, 272.30, 53, 73, 94657, 2760, 13365
2026/07/30 23:29:19.466, 239.31, 62, 91, 94657, 2610, 13365
2026/07/30 23:29:20.536, 219.94, 59, 98, 94661, 1897, 13365
2026/07/30 23:29:21.601, 287.95, 59, 100, 94665, 2190, 13365
2026/07/30 23:29:22.670, 237.99, 58, 78, 94665, 2070, 13365
2026/07/30 23:29:23.738, 215.50, 53, 73, 94669, 2655, 13365
2026/07/30 23:29:24.813, 291.97, 62, 97, 94673, 2610, 13365
2026/07/30 23:29:25.891, 221.24, 56, 95, 94673, 1830, 13365
2026/07/30 23:29:26.961, 273.35, 54, 76, 94677, 2400, 13365
2026/07/30 23:29:28.027, 278.31, 53, 72, 94681, 2610, 13365
2026/07/30 23:29:29.099, 220.74, 54, 72, 94681, 2610, 13365
2026/07/30 23:29:30.170, 289.25, 61, 99, 94685, 2602, 13365
2026/07/30 23:29:31.237, 257.04, 55, 88, 94689, 1740, 13365
2026/07/30 23:29:32.302, 224.02, 54, 75, 94693, 2565, 13365
2026/07/30 23:29:33.374, 281.67, 53, 72, 94693, 2610, 13365
2026/07/30 23:29:34.449, 230.13, 57, 100, 94697, 2400, 13365
2026/07/30 23:29:35.519, 221.62, 54, 77, 94701, 1852, 13365
2026/07/30 23:29:36.590, 287.55, 55, 88, 94701, 1725, 13365
2026/07/30 23:29:37.661, 228.41, 54, 73, 94705, 2482, 13365
2026/07/30 23:29:38.728, 244.60, 53, 72, 94709, 2610, 13365
2026/07/30 23:29:39.804, 274.33, 58, 100, 94709, 2430, 13365
2026/07/30 23:29:40.880, 222.37, 54, 78, 94713, 1770, 13365
2026/07/30 23:29:41.949, 287.17, 54, 74, 94717, 2617, 13365
2026/07/30 23:29:43.026, 255.72, 55, 75, 94717, 2610, 13365
2026/07/30 23:29:44.101, 222.42, 53, 72, 94721, 2610, 13365
2026/07/30 23:29:45.172, 284.39, 58, 100, 94725, 2490, 13365
2026/07/30 23:29:46.245, 231.30, 55, 84, 94725, 1717, 13365
2026/07/30 23:29:47.315, 218.09, 54, 74, 94729, 2670, 13365
2026/07/30 23:29:48.380, 281.76, 53, 72, 94733, 2610, 13365
2026/07/30 23:29:49.460, 237.74, 59, 100, 94733, 2602, 13365
2026/07/30 23:29:50.539, 223.35, 56, 90, 94737, 1710, 13365
2026/07/30 23:29:51.612, 286.64, 60, 100, 94741, 2025, 13365
2026/07/30 23:29:52.689, 232.17, 54, 76, 94741, 2077, 13365
2026/07/30 23:29:53.762, 238.95, 53, 74, 94745, 2655, 13365
2026/07/30 23:29:54.832, 282.36, 58, 78, 94749, 2610, 13365
2026/07/30 23:29:55.908, 236.96, 60, 100, 94749, 2047, 13365
2026/07/30 23:29:56.978, 237.53, 54, 77, 94753, 2055, 13365
2026/07/30 23:29:58.050, 284.92, 54, 73, 94757, 2655, 13365
2026/07/30 23:29:59.125, 241.32, 54, 77, 94757, 2377, 13365
2026/07/30 23:30:00.197, 241.69, 53, 72, 94761, 2610, 13365
2026/07/30 23:30:01.269, 283.88, 58, 100, 94765, 2587, 13365
2026/07/30 23:30:02.348, 225.05, 56, 93, 94765, 1725, 13365
2026/07/30 23:30:03.414, 219.30, 54, 79, 94769, 2242, 13365
2026/07/30 23:30:04.486, 274.65, 53, 74, 94773, 2610, 13365
2026/07/30 23:30:05.566, 234.03, 59, 86, 94773, 2610, 13365
2026/07/30 23:30:06.646, 227.99, 54, 75, 94777, 2640, 13365
2026/07/30 23:30:07.714, 287.43, 59, 96, 94781, 2610, 13365
2026/07/30 23:30:08.785, 251.63, 59, 100, 94781, 1995, 13365
2026/07/30 23:30:09.861, 227.96, 54, 74, 94785, 2010, 13365
2026/07/30 23:30:10.935, 275.02, 54, 73, 94789, 2647, 13365
2026/07/30 23:30:12.009, 256.05, 55, 75, 94789, 2610, 13365
2026/07/30 23:30:13.085, 225.32, 53, 74, 94793, 2610, 13365
2026/07/30 23:30:14.151, 283.00, 61, 90, 94797, 2610, 13365
2026/07/30 23:30:15.227, 262.15, 59, 100, 94797, 2085, 13365
2026/07/30 23:30:16.301, 235.69, 55, 78, 94801, 1785, 13365
2026/07/30 23:30:17.370, 257.92, 54, 74, 94805, 2692, 13365
2026/07/30 23:30:18.438, 274.23, 53, 69, 94805, 2610, 13365
2026/07/30 23:30:19.518, 240.61, 60, 100, 94809, 2602, 13365
2026/07/30 23:30:20.588, 220.94, 53, 70, 94813, 2610, 13365
2026/07/30 23:30:21.655, 276.02, 58, 100, 94813, 2467, 13365
2026/07/30 23:30:22.724, 252.63, 56, 92, 94817, 1657, 13365
2026/07/30 23:30:23.800, 227.62, 54, 79, 94817, 2317, 13365
2026/07/30 23:30:24.870, 280.10, 54, 72, 94821, 2655, 13365
2026/07/30 23:30:25.943, 255.81, 56, 78, 94825, 2610, 13365
2026/07/30 23:30:27.016, 227.52, 59, 100, 94825, 2220, 13365
2026/07/30 23:30:28.080, 249.73, 55, 82, 94829, 1702, 13365
2026/07/30 23:30:29.154, 283.87, 59, 100, 94833, 2182, 13365
2026/07/30 23:30:30.233, 248.32, 55, 81, 94833, 1695, 13365
2026/07/30 23:30:31.308, 221.05, 54, 73, 94837, 2512, 13365
2026/07/30 23:30:32.373, 210.57, 56, 72, 94839, 2610, 13365
2026/07/30 23:30:33.441, 220.86, 54, 77, 94839, 2632, 13365
2026/07/30 23:30:34.507, 277.05, 58, 59, 94839, 2610, 13365
2026/07/30 23:30:35.585, 346.62, 59, 58, 94839, 2610, 13365
2026/07/30 23:30:36.668, 349.53, 58, 49, 94839, 2610, 13365
2026/07/30 23:30:37.757, 351.75, 58, 51, 94839, 2602, 13365
2026/07/30 23:30:38.842, 345.04, 61, 57, 94839, 2610, 13365
2026/07/30 23:30:39.921, 350.60, 60, 50, 94839, 2610, 13365
2026/07/30 23:30:41.008, 347.76, 60, 56, 94839, 2610, 13365
2026/07/30 23:30:42.097, 347.20, 59, 54, 94839, 2610, 13365
2026/07/30 23:30:43.174, 348.38, 59, 47, 94839, 2610, 13365
2026/07/30 23:30:44.258, 344.88, 59, 48, 94839, 2610, 13365
2026/07/30 23:30:45.337, 351.21, 60, 53, 94839, 2602, 13365
2026/07/30 23:30:46.419, 348.00, 62, 58, 94839, 2610, 13365
2026/07/30 23:30:47.505, 350.69, 60, 50, 94839, 2610, 13365
2026/07/30 23:30:48.593, 350.46, 62, 57, 94839, 2610, 13365
2026/07/30 23:30:49.677, 345.79, 62, 58, 94839, 2610, 13365
2026/07/30 23:30:50.762, 351.00, 62, 58, 94839, 2602, 13365
2026/07/30 23:30:51.854, 351.31, 60, 51, 94839, 2602, 13365
2026/07/30 23:30:52.942, 350.90, 60, 50, 94839, 2602, 13365
2026/07/30 23:30:54.029, 350.18, 61, 51, 94839, 2602, 13365
2026/07/30 23:30:55.118, 350.98, 62, 55, 94839, 2602, 13365
2026/07/30 23:30:56.200, 349.33, 61, 55, 94839, 2602, 13365
2026/07/30 23:30:57.289, 349.58, 61, 49, 94839, 2602, 13365
2026/07/30 23:30:58.375, 347.75, 62, 57, 94839, 2602, 13365
2026/07/30 23:30:59.456, 346.31, 61, 51, 94839, 2602, 13365
2026/07/30 23:31:00.540, 350.89, 61, 50, 94839, 2602, 13365
2026/07/30 23:31:01.626, 348.91, 61, 50, 94839, 2602, 13365
2026/07/30 23:31:02.707, 350.58, 63, 58, 94839, 2602, 13365
2026/07/30 23:31:03.784, 350.67, 62, 54, 94839, 2602, 13365
2026/07/30 23:31:04.872, 349.42, 63, 58, 94839, 2602, 13365
2026/07/30 23:31:05.957, 350.03, 62, 50, 94839, 2602, 13365
2026/07/30 23:31:07.047, 348.61, 63, 58, 94839, 2602, 13365
2026/07/30 23:31:08.128, 350.10, 63, 54, 94839, 2602, 13365
2026/07/30 23:31:09.216, 352.11, 61, 52, 94839, 2602, 13365
2026/07/30 23:31:10.304, 346.14, 61, 47, 94839, 2610, 13365
2026/07/30 23:31:11.392, 352.38, 62, 50, 94839, 2602, 13365
2026/07/30 23:31:12.473, 352.51, 63, 57, 94839, 2602, 13365
2026/07/30 23:31:13.560, 347.90, 63, 58, 94839, 2602, 13365
2026/07/30 23:31:14.644, 351.87, 62, 48, 94839, 2602, 13365
2026/07/30 23:31:15.732, 351.24, 64, 58, 94839, 2602, 13365
2026/07/30 23:31:16.816, 349.23, 63, 53, 94839, 2602, 13365
2026/07/30 23:31:17.895, 350.01, 63, 57, 94839, 2610, 13365
2026/07/30 23:31:18.981, 350.09, 63, 55, 94839, 2610, 13365
2026/07/30 23:31:20.072, 352.05, 64, 55, 94839, 2602, 13365
2026/07/30 23:31:21.159, 351.01, 64, 56, 94839, 2602, 13365
2026/07/30 23:31:22.242, 352.04, 64, 58, 94839, 2595, 13365
2026/07/30 23:31:23.326, 346.87, 62, 50, 94839, 2602, 13365
2026/07/30 23:31:24.405, 351.35, 64, 59, 94839, 2602, 13365
2026/07/30 23:31:25.500, 350.77, 62, 49, 94839, 2602, 13365
2026/07/30 23:31:26.590, 349.71, 62, 52, 94839, 2602, 13365
2026/07/30 23:31:27.673, 352.60, 62, 53, 94839, 2602, 13365
2026/07/30 23:31:28.755, 349.29, 64, 58, 94839, 2602, 13365
2026/07/30 23:31:29.842, 350.06, 65, 55, 94839, 2602, 13365
2026/07/30 23:31:30.930, 351.31, 62, 50, 94839, 2595, 13365
2026/07/30 23:31:32.015, 351.45, 62, 52, 94839, 2595, 13365
2026/07/30 23:31:33.105, 349.04, 63, 55, 94839, 2595, 13365
2026/07/30 23:31:34.189, 350.38, 64, 57, 94839, 2602, 13365
2026/07/30 23:31:35.278, 350.55, 63, 53, 94839, 2595, 13365
2026/07/30 23:31:36.362, 349.76, 64, 59, 94839, 2602, 13365
2026/07/30 23:31:37.455, 350.74, 65, 57, 94839, 2595, 13365
2026/07/30 23:31:38.541, 347.88, 64, 50, 94839, 2602, 13365
2026/07/30 23:31:39.626, 346.49, 63, 50, 94839, 2610, 13365
2026/07/30 23:31:40.712, 350.23, 64, 57, 94839, 2602, 13365
2026/07/30 23:31:41.801, 347.58, 63, 49, 94839, 2610, 13365
2026/07/30 23:31:42.881, 348.09, 64, 58, 94839, 2602, 13365
2026/07/30 23:31:43.965, 351.40, 63, 53, 94839, 2610, 13365
2026/07/30 23:31:45.038, 351.28, 63, 50, 94839, 2610, 13365
2026/07/30 23:31:46.123, 350.21, 63, 48, 94839, 2602, 13365
2026/07/30 23:31:47.213, 349.33, 64, 54, 94839, 2602, 13365
2026/07/30 23:31:48.303, 352.45, 65, 58, 94839, 2602, 13365
2026/07/30 23:31:49.387, 352.84, 64, 52, 94839, 2595, 13365
2026/07/30 23:31:50.462, 349.31, 65, 54, 94839, 2602, 13365
2026/07/30 23:31:51.544, 351.60, 65, 54, 94839, 2602, 13365
2026/07/30 23:31:52.628, 350.98, 65, 59, 94839, 2595, 13365
2026/07/30 23:31:53.717, 348.92, 63, 52, 94839, 2602, 13365
2026/07/30 23:31:54.800, 352.61, 64, 57, 94839, 2602, 13365
2026/07/30 23:31:55.881, 351.45, 65, 57, 94839, 2595, 13365
2026/07/30 23:31:56.964, 349.13, 65, 54, 94839, 2602, 13365
2026/07/30 23:31:58.053, 349.46, 64, 48, 94839, 2595, 13365
2026/07/30 23:31:59.140, 350.50, 65, 59, 94839, 2602, 13365
2026/07/30 23:32:00.218, 349.81, 64, 55, 94839, 2602, 13365
2026/07/30 23:32:01.299, 351.18, 64, 50, 94839, 2587, 13365
2026/07/30 23:32:02.384, 349.83, 65, 57, 94839, 2595, 13365
2026/07/30 23:32:03.473, 351.70, 66, 57, 94839, 2587, 13365
2026/07/30 23:32:04.562, 348.96, 65, 59, 94839, 2602, 13365
2026/07/30 23:32:05.644, 348.97, 65, 57, 94839, 2602, 13365
2026/07/30 23:32:06.720, 351.88, 64, 54, 94839, 2602, 13365
2026/07/30 23:32:07.803, 350.97, 64, 50, 94839, 2602, 13365
2026/07/30 23:32:08.880, 349.40, 64, 50, 94839, 2595, 13365
2026/07/30 23:32:09.968, 350.20, 65, 58, 94839, 2602, 13365
2026/07/30 23:32:11.046, 350.19, 66, 60, 94839, 2595, 13365
2026/07/30 23:32:12.130, 349.96, 65, 56, 94839, 2595, 13365
2026/07/30 23:32:13.210, 348.15, 65, 52, 94839, 2602, 13365
2026/07/30 23:32:14.292, 352.03, 66, 58, 94839, 2595, 13365
2026/07/30 23:32:15.373, 348.73, 64, 51, 94839, 2602, 13365
2026/07/30 23:32:16.462, 351.71, 65, 53, 94839, 2602, 13365
2026/07/30 23:32:17.544, 351.91, 65, 55, 94839, 2602, 13365
2026/07/30 23:32:18.626, 350.75, 65, 52, 94839, 2595, 13365
2026/07/30 23:32:19.713, 347.46, 65, 48, 94839, 2595, 13365
2026/07/30 23:32:20.798, 351.59, 66, 57, 94839, 2602, 13365
2026/07/30 23:32:21.886, 350.92, 66, 59, 94839, 2602, 13365
2026/07/30 23:32:22.964, 347.93, 65, 59, 94839, 2595, 13365
2026/07/30 23:32:24.044, 351.55, 64, 50, 94839, 2602, 13365
2026/07/30 23:32:25.126, 350.42, 66, 59, 94839, 2595, 13365
2026/07/30 23:32:26.207, 350.18, 65, 58, 94839, 2595, 13365
2026/07/30 23:32:27.291, 349.45, 64, 51, 94839, 2602, 13365
2026/07/30 23:32:28.368, 350.29, 64, 52, 94839, 2595, 13365
2026/07/30 23:32:29.448, 351.43, 64, 49, 94839, 2595, 13365
2026/07/30 23:32:30.526, 283.81, 66, 59, 94839, 2602, 13365
2026/07/30 23:32:31.589, 238.45, 60, 79, 94839, 1830, 13365
2026/07/30 23:32:32.657, 260.05, 65, 58, 94839, 2610, 13365
2026/07/30 23:32:33.742, 347.87, 65, 58, 94839, 2610, 13365
2026/07/30 23:32:34.839, 351.25, 63, 49, 94839, 2602, 13365
2026/07/30 23:32:35.919, 348.96, 64, 52, 94839, 2602, 13365
2026/07/30 23:32:37.008, 347.40, 64, 49, 94839, 2610, 13365
2026/07/30 23:32:38.086, 345.06, 63, 50, 94839, 2602, 13365
2026/07/30 23:32:39.172, 353.86, 65, 53, 94839, 2602, 13365
2026/07/30 23:32:40.254, 350.13, 64, 52, 94839, 2602, 13365
2026/07/30 23:32:41.339, 349.66, 65, 53, 94839, 2602, 13365
2026/07/30 23:32:42.420, 349.73, 64, 51, 94839, 2602, 13365
2026/07/30 23:32:43.502, 350.03, 65, 58, 94839, 2602, 13365
2026/07/30 23:32:44.582, 349.79, 65, 54, 94839, 2610, 13365
2026/07/30 23:32:45.672, 351.15, 64, 51, 94839, 2595, 13365
2026/07/30 23:32:46.756, 350.96, 65, 56, 94839, 2602, 13365
2026/07/30 23:32:47.844, 350.24, 65, 55, 94839, 2602, 13365
2026/07/30 23:32:48.925, 348.89, 65, 59, 94839, 2595, 13365
2026/07/30 23:32:50.006, 349.47, 64, 48, 94839, 2595, 13365
2026/07/30 23:32:51.087, 349.54, 66, 59, 94839, 2602, 13365
2026/07/30 23:32:52.162, 349.33, 65, 55, 94839, 2602, 13365
2026/07/30 23:32:53.242, 348.79, 66, 57, 94839, 2602, 13365
2026/07/30 23:32:54.324, 348.89, 66, 58, 94839, 2602, 13365
2026/07/30 23:32:55.407, 350.78, 65, 54, 94839, 2602, 13365
2026/07/30 23:32:56.492, 349.20, 65, 55, 94839, 2595, 13365
2026/07/30 23:32:57.583, 349.69, 64, 53, 94839, 2595, 13365
2026/07/30 23:32:58.672, 349.57, 66, 57, 94839, 2595, 13365
2026/07/30 23:32:59.761, 348.42, 65, 53, 94839, 2602, 13365
2026/07/30 23:33:00.843, 352.29, 64, 50, 94839, 2595, 13365
2026/07/30 23:33:01.931, 351.35, 64, 49, 94839, 2602, 13365
2026/07/30 23:33:03.016, 350.11, 66, 58, 94839, 2595, 13365
2026/07/30 23:33:04.103, 350.76, 66, 58, 94839, 2602, 13365
2026/07/30 23:33:05.192, 350.14, 65, 56, 94839, 2602, 13365
2026/07/30 23:33:06.280, 350.24, 64, 52, 94839, 2595, 13365
2026/07/30 23:33:07.369, 349.12, 64, 53, 94839, 2595, 13365
2026/07/30 23:33:08.462, 352.82, 66, 59, 94839, 2595, 13365
2026/07/30 23:33:09.549, 346.96, 66, 58, 94839, 2602, 13365
2026/07/30 23:33:10.633, 352.78, 66, 59, 94839, 2595, 13365
2026/07/30 23:33:11.713, 349.16, 66, 59, 94839, 2595, 13365
2026/07/30 23:33:12.798, 350.30, 65, 55, 94839, 2595, 13365
2026/07/30 23:33:13.879, 347.55, 66, 58, 94839, 2595, 13365
2026/07/30 23:33:14.958, 346.29, 66, 58, 94839, 2602, 13365
2026/07/30 23:33:16.053, 349.00, 64, 48, 94839, 2602, 13365
2026/07/30 23:33:17.136, 351.11, 66, 58, 94839, 2602, 13365
2026/07/30 23:33:18.226, 352.22, 65, 53, 94839, 2595, 13365
2026/07/30 23:33:19.308, 347.73, 64, 49, 94839, 2602, 13365
2026/07/30 23:33:20.393, 351.89, 64, 48, 94839, 2602, 13365
2026/07/30 23:33:21.476, 349.27, 64, 50, 94839, 2602, 13365
2026/07/30 23:33:22.557, 351.61, 65, 53, 94839, 2602, 13365
2026/07/30 23:33:23.637, 348.33, 65, 56, 94839, 2610, 13365
2026/07/30 23:33:24.724, 350.71, 65, 54, 94839, 2602, 13365
2026/07/30 23:33:25.818, 349.02, 65, 50, 94839, 2602, 13365
2026/07/30 23:33:26.901, 349.87, 65, 52, 94839, 2602, 13365
2026/07/30 23:33:27.974, 349.44, 67, 58, 94839, 2602, 13365
2026/07/30 23:33:29.055, 350.90, 65, 53, 94839, 2602, 13365
2026/07/30 23:33:30.138, 350.67, 66, 54, 94839, 2602, 13365
2026/07/30 23:33:31.216, 350.32, 66, 53, 94839, 2602, 13365
2026/07/30 23:33:32.299, 350.71, 66, 57, 94839, 2595, 13365
2026/07/30 23:33:33.391, 349.96, 66, 55, 94839, 2595, 13365
2026/07/30 23:33:34.479, 350.97, 64, 52, 94839, 2595, 13365
2026/07/30 23:33:35.565, 347.30, 66, 59, 94839, 2602, 13365
2026/07/30 23:33:36.643, 349.37, 65, 51, 94839, 2602, 13365
2026/07/30 23:33:37.738, 350.35, 66, 58, 94839, 2595, 13365
2026/07/30 23:33:38.824, 348.92, 66, 57, 94839, 2602, 13365
2026/07/30 23:33:39.912, 348.68, 66, 53, 94839, 2602, 13365
2026/07/30 23:33:41.001, 351.45, 64, 49, 94839, 2595, 13365
2026/07/30 23:33:42.086, 350.30, 64, 50, 94839, 2602, 13365
2026/07/30 23:33:43.171, 349.40, 65, 50, 94839, 2602, 13365
2026/07/30 23:33:44.254, 348.94, 65, 54, 94839, 2595, 13365
2026/07/30 23:33:45.342, 348.58, 65, 49, 94839, 2602, 13365
2026/07/30 23:33:46.435, 350.59, 64, 49, 94839, 2602, 13365
2026/07/30 23:33:47.525, 349.88, 66, 55, 94839, 2610, 13365
2026/07/30 23:33:48.612, 350.50, 64, 51, 94839, 2595, 13365
2026/07/30 23:33:49.701, 348.40, 66, 57, 94839, 2595, 13365
2026/07/30 23:33:50.788, 350.64, 65, 54, 94839, 2595, 13365
2026/07/30 23:33:51.874, 348.88, 66, 52, 94839, 2602, 13365
2026/07/30 23:33:52.966, 350.29, 66, 57, 94839, 2602, 13365
2026/07/30 23:33:54.059, 351.04, 65, 52, 94839, 2595, 13365
2026/07/30 23:33:55.146, 349.27, 65, 51, 94839, 2595, 13365
2026/07/30 23:33:56.232, 351.16, 65, 54, 94839, 2595, 13365
2026/07/30 23:33:57.320, 347.42, 65, 49, 94839, 2602, 13365
2026/07/30 23:33:58.407, 350.87, 66, 55, 94839, 2595, 13365
2026/07/30 23:33:59.491, 350.41, 67, 59, 94839, 2602, 13365
2026/07/30 23:34:00.583, 350.42, 65, 52, 94839, 2602, 13365
2026/07/30 23:34:01.671, 350.70, 65, 49, 94839, 2595, 13365
2026/07/30 23:34:02.747, 349.87, 67, 58, 94839, 2602, 13365
2026/07/30 23:34:03.831, 350.80, 66, 55, 94839, 2602, 13365
2026/07/30 23:34:04.919, 349.68, 66, 57, 94839, 2595, 13365
2026/07/30 23:34:06.000, 349.08, 65, 52, 94839, 2602, 13365
2026/07/30 23:34:07.075, 351.57, 64, 52, 94839, 2595, 13365
2026/07/30 23:34:08.155, 351.00, 66, 60, 94839, 2595, 13365
2026/07/30 23:34:09.239, 350.85, 66, 59, 94839, 2595, 13365
2026/07/30 23:34:10.316, 347.53, 65, 53, 94839, 2595, 13365
2026/07/30 23:34:11.406, 349.83, 65, 50, 94839, 2602, 13365
2026/07/30 23:34:12.493, 351.21, 66, 55, 94839, 2595, 13365
2026/07/30 23:34:13.582, 348.87, 67, 58, 94839, 2595, 13365
2026/07/30 23:34:14.671, 349.01, 65, 53, 94839, 2595, 13365
2026/07/30 23:34:15.753, 350.00, 65, 54, 94839, 2595, 13365
2026/07/30 23:34:16.840, 351.41, 65, 54, 94839, 2595, 13365
2026/07/30 23:34:17.928, 348.86, 65, 49, 94839, 2595, 13365
2026/07/30 23:34:19.010, 352.14, 66, 58, 94839, 2595, 13365
2026/07/30 23:34:20.096, 350.96, 65, 51, 94839, 2595, 13365
2026/07/30 23:34:21.179, 350.19, 65, 50, 94839, 2602, 13365
2026/07/30 23:34:22.266, 349.94, 65, 50, 94839, 2595, 13365
2026/07/30 23:34:23.344, 348.82, 65, 50, 94839, 2595, 13365
2026/07/30 23:34:24.419, 349.48, 67, 59, 94839, 2595, 13365
2026/07/30 23:34:25.499, 349.58, 66, 54, 94839, 2595, 13365
2026/07/30 23:34:26.577, 349.06, 65, 50, 94839, 2595, 13365
2026/07/30 23:34:27.652, 351.67, 66, 60, 94839, 2587, 13365
2026/07/30 23:34:28.732, 349.11, 65, 52, 94839, 2602, 13365
2026/07/30 23:34:29.804, 237.78, 65, 100, 94839, 1710, 13365
2026/07/30 23:34:30.877, 177.68, 59, 12, 94839, 2617, 13365
2026/07/30 23:34:31.966, 352.05, 64, 51, 94839, 2602, 13365
2026/07/30 23:34:33.049, 351.82, 65, 53, 94839, 2602, 13365
2026/07/30 23:34:34.134, 348.57, 65, 49, 94839, 2602, 13365
2026/07/30 23:34:35.218, 350.96, 66, 59, 94839, 2602, 13365
2026/07/30 23:34:36.305, 351.48, 65, 54, 94839, 2602, 13365
2026/07/30 23:34:37.390, 351.27, 65, 49, 94839, 2595, 13365
2026/07/30 23:34:38.476, 348.20, 65, 51, 94839, 2595, 13365
2026/07/30 23:34:39.558, 351.28, 65, 50, 94839, 2602, 13365
2026/07/30 23:34:40.639, 350.76, 65, 51, 94839, 2602, 13365
2026/07/30 23:34:41.728, 350.70, 65, 56, 94839, 2595, 13365
2026/07/30 23:34:42.819, 349.34, 66, 58, 94839, 2595, 13365
2026/07/30 23:34:43.905, 349.10, 65, 55, 94839, 2595, 13365
2026/07/30 23:34:44.986, 350.10, 65, 53, 94839, 2595, 13365
2026/07/30 23:34:46.078, 349.58, 66, 55, 94839, 2602, 13365
2026/07/30 23:34:47.169, 349.44, 65, 52, 94839, 2595, 13365
2026/07/30 23:34:48.248, 350.98, 66, 55, 94839, 2602, 13365
2026/07/30 23:34:49.331, 348.77, 65, 52, 94839, 2602, 13365
2026/07/30 23:34:50.414, 350.85, 65, 49, 94839, 2602, 13365
2026/07/30 23:34:51.495, 349.82, 65, 48, 94839, 2602, 13365
2026/07/30 23:34:52.571, 351.09, 65, 51, 94839, 2602, 13365
2026/07/30 23:34:53.654, 350.00, 66, 58, 94839, 2602, 13365
2026/07/30 23:34:54.734, 351.91, 65, 49, 94839, 2595, 13365
2026/07/30 23:34:55.822, 348.09, 65, 51, 94839, 2602, 13365
2026/07/30 23:34:56.910, 350.19, 66, 52, 94839, 2602, 13365
2026/07/30 23:34:57.988, 349.34, 65, 52, 94839, 2595, 13365
2026/07/30 23:34:59.070, 351.88, 65, 49, 94839, 2602, 13365
2026/07/30 23:35:00.159, 347.77, 66, 53, 94839, 2610, 13365
2026/07/30 23:35:01.247, 350.84, 65, 51, 94839, 2595, 13365
2026/07/30 23:35:02.329, 349.00, 65, 53, 94839, 2587, 13365
2026/07/30 23:35:03.410, 350.76, 65, 51, 94839, 2602, 13365
2026/07/30 23:35:04.495, 351.76, 66, 58, 94839, 2595, 13365
2026/07/30 23:35:05.584, 348.46, 66, 56, 94839, 2602, 13365
2026/07/30 23:35:06.671, 349.07, 65, 48, 94839, 2602, 13365
2026/07/30 23:35:07.761, 350.75, 65, 53, 94839, 2602, 13365
2026/07/30 23:35:08.848, 348.79, 65, 55, 94839, 2602, 13365
2026/07/30 23:35:09.930, 347.20, 65, 50, 94839, 2595, 13365
2026/07/30 23:35:11.018, 353.77, 66, 59, 94839, 2602, 13365
2026/07/30 23:35:12.098, 349.63, 65, 48, 94839, 2595, 13365
2026/07/30 23:35:13.184, 349.48, 65, 56, 94839, 2602, 13365
2026/07/30 23:35:14.274, 351.85, 65, 52, 94839, 2602, 13365
2026/07/30 23:35:15.360, 350.84, 65, 50, 94839, 2602, 13365
2026/07/30 23:35:16.442, 350.79, 66, 60, 94839, 2602, 13365
2026/07/30 23:35:17.531, 348.61, 66, 54, 94839, 2595, 13365
2026/07/30 23:35:18.608, 349.36, 66, 50, 94839, 2602, 13365
2026/07/30 23:35:19.692, 350.16, 66, 51, 94839, 2602, 13365
2026/07/30 23:35:20.770, 349.76, 65, 48, 94839, 2610, 13365
2026/07/30 23:35:21.845, 352.58, 65, 50, 94839, 2602, 13365
2026/07/30 23:35:22.925, 350.76, 65, 53, 94839, 2602, 13365
2026/07/30 23:35:24.007, 350.59, 65, 55, 94839, 2602, 13365
2026/07/30 23:35:25.091, 348.36, 65, 55, 94839, 2602, 13365
2026/07/30 23:35:26.180, 351.11, 66, 52, 94839, 2602, 13365
2026/07/30 23:35:27.256, 348.17, 66, 52, 94839, 2595, 13365
2026/07/30 23:35:28.340, 352.19, 65, 50, 94839, 2602, 13365
2026/07/30 23:35:29.425, 349.22, 66, 49, 94839, 2602, 13365
2026/07/30 23:35:30.509, 351.26, 66, 57, 94839, 2602, 13365
2026/07/30 23:35:31.591, 348.94, 66, 54, 94839, 2602, 13365
2026/07/30 23:35:32.679, 349.85, 65, 52, 94839, 2595, 13365
2026/07/30 23:35:33.760, 349.38, 66, 52, 94839, 2595, 13365
2026/07/30 23:35:34.845, 350.90, 66, 57, 94839, 2595, 13365
2026/07/30 23:35:35.931, 350.09, 65, 50, 94839, 2587, 13365
2026/07/30 23:35:37.012, 349.27, 65, 52, 94839, 2602, 13365
2026/07/30 23:35:38.099, 349.16, 66, 59, 94839, 2595, 13365
2026/07/30 23:35:39.185, 349.58, 66, 58, 94839, 2602, 13365
2026/07/30 23:35:40.268, 349.21, 65, 51, 94839, 2595, 13365
2026/07/30 23:35:41.345, 350.35, 65, 54, 94839, 2602, 13365
2026/07/30 23:35:42.425, 350.92, 66, 59, 94839, 2602, 13365
2026/07/30 23:35:43.510, 349.59, 66, 50, 94839, 2595, 13365
2026/07/30 23:35:44.596, 350.02, 67, 53, 94839, 2595, 13365
2026/07/30 23:35:45.668, 350.93, 66, 54, 94839, 2602, 13365
2026/07/30 23:35:46.748, 349.88, 66, 52, 94839, 2602, 13365
2026/07/30 23:35:47.826, 348.59, 67, 53, 94839, 2595, 13365
2026/07/30 23:35:48.914, 351.80, 66, 57, 94839, 2595, 13365
2026/07/30 23:35:50.003, 350.75, 65, 58, 94839, 2595, 13365
2026/07/30 23:35:51.089, 349.15, 65, 53, 94839, 2587, 13365
2026/07/30 23:35:52.175, 351.61, 66, 49, 94839, 2602, 13365
2026/07/30 23:35:53.253, 349.87, 66, 59, 94839, 2595, 13365
2026/07/30 23:35:54.338, 351.55, 65, 55, 94839, 2595, 13365
2026/07/30 23:35:55.422, 350.28, 66, 51, 94839, 2595, 13365
2026/07/30 23:35:56.504, 349.85, 66, 59, 94839, 2595, 13365
2026/07/30 23:35:57.589, 350.46, 65, 55, 94839, 2595, 13365
2026/07/30 23:35:58.676, 349.29, 65, 57, 94839, 2595, 13365
2026/07/30 23:35:59.761, 351.03, 65, 50, 94839, 2587, 13365
2026/07/30 23:36:00.841, 349.51, 65, 54, 94839, 2595, 13365
2026/07/30 23:36:01.923, 348.49, 65, 58, 94839, 2595, 13365
2026/07/30 23:36:03.002, 348.78, 66, 57, 94839, 2602, 13365
2026/07/30 23:36:04.084, 350.60, 67, 51, 94839, 2602, 13365
2026/07/30 23:36:05.165, 349.53, 65, 55, 94839, 2587, 13365
2026/07/30 23:36:06.243, 351.89, 65, 54, 94839, 2595, 13365
2026/07/30 23:36:07.334, 349.22, 66, 50, 94839, 2587, 13365
2026/07/30 23:36:08.417, 349.86, 67, 52, 94839, 2595, 13365
2026/07/30 23:36:09.493, 351.05, 65, 53, 94839, 2602, 13365
2026/07/30 23:36:10.570, 351.76, 65, 58, 94839, 2595, 13365
2026/07/30 23:36:11.654, 352.28, 66, 58, 94839, 2602, 13365
2026/07/30 23:36:12.738, 348.28, 66, 55, 94839, 2595, 13365
2026/07/30 23:36:13.821, 350.11, 66, 56, 94839, 2595, 13365
2026/07/30 23:36:14.904, 351.33, 66, 50, 94839, 2595, 13365
2026/07/30 23:36:15.994, 350.39, 66, 50, 94839, 2595, 13365
2026/07/30 23:36:17.084, 350.85, 67, 52, 94839, 2587, 13365
2026/07/30 23:36:18.171, 351.40, 66, 51, 94839, 2587, 13365
2026/07/30 23:36:19.257, 348.57, 67, 54, 94839, 2587, 13365
2026/07/30 23:36:20.344, 349.32, 66, 58, 94839, 2595, 13365
2026/07/30 23:36:21.431, 352.49, 67, 55, 94839, 2595, 13365
2026/07/30 23:36:22.522, 348.85, 67, 53, 94839, 2595, 13365
2026/07/30 23:36:23.609, 348.91, 64, 50, 94839, 2602, 13365
2026/07/30 23:36:24.696, 352.18, 66, 49, 94839, 2587, 13365
2026/07/30 23:36:25.781, 350.23, 66, 50, 94839, 2595, 13365
2026/07/30 23:36:26.861, 349.56, 65, 56, 94839, 2595, 13365
2026/07/30 23:36:27.935, 260.80, 61, 24, 94839, 2610, 13365
2026/07/30 23:36:29.003, 187.48, 61, 77, 94839, 2610, 13365
2026/07/30 23:36:30.077, 312.17, 63, 51, 94839, 2610, 13365
2026/07/30 23:36:31.158, 350.15, 64, 57, 94839, 2602, 13365
2026/07/30 23:36:32.244, 350.45, 66, 48, 94839, 2595, 13365
2026/07/30 23:36:33.324, 350.35, 64, 55, 94839, 2595, 13365
2026/07/30 23:36:34.404, 349.31, 64, 54, 94839, 2602, 13365
2026/07/30 23:36:35.493, 348.98, 66, 50, 94839, 2602, 13365
2026/07/30 23:36:36.576, 349.39, 64, 57, 94839, 2602, 13365
2026/07/30 23:36:37.662, 351.76, 66, 52, 94839, 2595, 13365
2026/07/30 23:36:38.746, 347.76, 66, 50, 94839, 2602, 13365
2026/07/30 23:36:39.825, 347.19, 66, 53, 94839, 2602, 13365
2026/07/30 23:36:40.907, 352.05, 66, 55, 94839, 2602, 13365
2026/07/30 23:36:41.987, 348.93, 64, 55, 94839, 2602, 13365
2026/07/30 23:36:43.073, 350.42, 65, 59, 94839, 2595, 13365
2026/07/30 23:36:44.162, 347.46, 66, 52, 94839, 2602, 13365
2026/07/30 23:36:45.251, 351.20, 65, 53, 94839, 2595, 13365
2026/07/30 23:36:46.333, 350.83, 65, 59, 94839, 2602, 13365
2026/07/30 23:36:47.409, 352.01, 66, 49, 94839, 2595, 13365
2026/07/30 23:36:48.491, 352.40, 65, 59, 94839, 2595, 13365
2026/07/30 23:36:49.566, 349.75, 66, 51, 94839, 2602, 13365
2026/07/30 23:36:50.648, 352.50, 66, 50, 94839, 2595, 13365
2026/07/30 23:36:51.730, 350.62, 66, 48, 94839, 2602, 13365
2026/07/30 23:36:52.819, 351.82, 66, 56, 94839, 2595, 13365
2026/07/30 23:36:53.906, 351.04, 65, 53, 94839, 2595, 13365
2026/07/30 23:36:54.993, 348.71, 64, 53, 94839, 2602, 13365
2026/07/30 23:36:56.085, 351.04, 66, 49, 94839, 2595, 13365
2026/07/30 23:36:57.170, 351.56, 65, 52, 94839, 2595, 13365
2026/07/30 23:36:58.258, 349.42, 66, 56, 94839, 2595, 13365
2026/07/30 23:36:59.337, 348.45, 66, 55, 94839, 2602, 13365
2026/07/30 23:37:00.416, 351.54, 66, 56, 94839, 2602, 13365
2026/07/30 23:37:01.501, 350.51, 65, 54, 94839, 2595, 13365
2026/07/30 23:37:02.585, 350.26, 66, 57, 94839, 2595, 13365
2026/07/30 23:37:03.671, 350.83, 66, 52, 94839, 2595, 13365
2026/07/30 23:37:04.745, 348.10, 66, 47, 94839, 2602, 13365
2026/07/30 23:37:05.821, 351.14, 66, 50, 94839, 2595, 13365
2026/07/30 23:37:06.911, 351.45, 66, 48, 94839, 2602, 13365
2026/07/30 23:37:07.994, 350.02, 65, 60, 94839, 2595, 13365
2026/07/30 23:37:09.080, 349.36, 67, 54, 94839, 2595, 13365
2026/07/30 23:37:10.162, 350.13, 67, 53, 94839, 2602, 13365
2026/07/30 23:37:11.245, 351.11, 66, 49, 94839, 2602, 13365
2026/07/30 23:37:12.326, 351.19, 66, 50, 94839, 2602, 13365
2026/07/30 23:37:13.410, 351.75, 66, 49, 94839, 2595, 13365
2026/07/30 23:37:14.494, 349.29, 65, 53, 94839, 2595, 13365
2026/07/30 23:37:15.582, 348.71, 65, 58, 94839, 2602, 13365
2026/07/30 23:37:16.661, 350.80, 66, 56, 94839, 2602, 13365
2026/07/30 23:37:17.739, 350.18, 66, 58, 94839, 2602, 13365
2026/07/30 23:37:18.817, 350.94, 65, 56, 94839, 2595, 13365
2026/07/30 23:37:19.899, 350.46, 67, 49, 94839, 2595, 13365
2026/07/30 23:37:20.989, 352.35, 65, 60, 94839, 2595, 13365
2026/07/30 23:37:22.071, 351.64, 65, 57, 94839, 2595, 13365
2026/07/30 23:37:23.151, 349.84, 65, 54, 94839, 2587, 13365
2026/07/30 23:37:24.235, 348.28, 65, 52, 94839, 2595, 13365
2026/07/30 23:37:25.318, 351.94, 65, 55, 94839, 2595, 13365
2026/07/30 23:37:26.409, 348.07, 65, 59, 94839, 2602, 13365
2026/07/30 23:37:27.484, 350.63, 66, 53, 94839, 2595, 13365
2026/07/30 23:37:28.558, 351.29, 67, 52, 94839, 2595, 13365
2026/07/30 23:37:29.636, 347.66, 65, 54, 94839, 2602, 13365
2026/07/30 23:37:30.721, 348.21, 65, 57, 94839, 2602, 13365
2026/07/30 23:37:31.803, 351.92, 65, 57, 94839, 2602, 13365
2026/07/30 23:37:32.887, 350.34, 66, 49, 94839, 2595, 13365
2026/07/30 23:37:33.969, 352.73, 65, 60, 94839, 2595, 13365
2026/07/30 23:37:35.059, 350.59, 65, 53, 94839, 2595, 13365
2026/07/30 23:37:36.141, 348.07, 66, 54, 94839, 2610, 13365
2026/07/30 23:37:37.230, 352.81, 65, 56, 94839, 2595, 13365
2026/07/30 23:37:38.310, 348.88, 66, 57, 94839, 2595, 13365
2026/07/30 23:37:39.392, 349.33, 65, 59, 94839, 2602, 13365
2026/07/30 23:37:40.478, 350.55, 65, 53, 94839, 2602, 13365
2026/07/30 23:37:41.555, 347.77, 65, 51, 94839, 2602, 13365
2026/07/30 23:37:42.636, 353.55, 65, 57, 94839, 2595, 13365
2026/07/30 23:37:43.722, 352.41, 67, 51, 94839, 2587, 13365
2026/07/30 23:37:44.810, 348.50, 66, 50, 94839, 2595, 13365
2026/07/30 23:37:45.890, 349.35, 66, 57, 94839, 2587, 13365
2026/07/30 23:37:46.975, 349.72, 66, 49, 94839, 2602, 13365
2026/07/30 23:37:48.063, 350.16, 67, 52, 94839, 2595, 13365
2026/07/30 23:37:49.152, 350.32, 65, 59, 94839, 2595, 13365
2026/07/30 23:37:50.237, 347.51, 66, 54, 94839, 2602, 13365
2026/07/30 23:37:51.326, 352.02, 67, 54, 94839, 2602, 13365
2026/07/30 23:37:52.410, 350.65, 66, 58, 94839, 2595, 13365
2026/07/30 23:37:53.492, 350.61, 65, 56, 94839, 2595, 13365
2026/07/30 23:37:54.578, 348.69, 65, 52, 94839, 2595, 13365
2026/07/30 23:37:55.664, 351.35, 65, 59, 94839, 2587, 13365
2026/07/30 23:37:56.748, 347.66, 67, 51, 94839, 2602, 13365
2026/07/30 23:37:57.830, 351.65, 66, 57, 94839, 2602, 13365
2026/07/30 23:37:58.924, 350.13, 65, 59, 94839, 2587, 13365
2026/07/30 23:38:00.010, 350.27, 64, 48, 94839, 2587, 13365
2026/07/30 23:38:01.096, 349.47, 65, 53, 94839, 2595, 13365
2026/07/30 23:38:02.181, 349.60, 65, 58, 94839, 2595, 13365
2026/07/30 23:38:03.270, 351.05, 65, 59, 94839, 2595, 13365
2026/07/30 23:38:04.353, 349.80, 65, 59, 94839, 2595, 13365
2026/07/30 23:38:05.436, 351.49, 66, 59, 94839, 2595, 13365
2026/07/30 23:38:06.522, 349.33, 66, 54, 94839, 2595, 13365
2026/07/30 23:38:07.606, 348.61, 67, 49, 94839, 2595, 13365
2026/07/30 23:38:08.691, 350.75, 67, 53, 94839, 2595, 13365
2026/07/30 23:38:09.765, 348.99, 66, 49, 94839, 2595, 13365
2026/07/30 23:38:10.841, 349.60, 65, 58, 94839, 2595, 13365
2026/07/30 23:38:11.926, 349.00, 66, 50, 94839, 2602, 13365
2026/07/30 23:38:13.004, 350.44, 65, 57, 94839, 2602, 13365
2026/07/30 23:38:14.090, 349.67, 67, 53, 94839, 2602, 13365
2026/07/30 23:38:15.170, 348.43, 67, 49, 94839, 2602, 13365
2026/07/30 23:38:16.258, 350.36, 65, 57, 94839, 2602, 13365
2026/07/30 23:38:17.339, 351.34, 66, 56, 94839, 2595, 13365
2026/07/30 23:38:18.433, 349.35, 65, 53, 94839, 2602, 13365
2026/07/30 23:38:19.524, 350.72, 65, 56, 94839, 2595, 13365
2026/07/30 23:38:20.605, 351.07, 66, 59, 94839, 2595, 13365
2026/07/30 23:38:21.694, 353.69, 66, 50, 94839, 2580, 13365
2026/07/30 23:38:22.776, 348.44, 66, 52, 94839, 2595, 13365
2026/07/30 23:38:23.850, 351.34, 66, 50, 94839, 2587, 13365
2026/07/30 23:38:24.929, 348.55, 65, 51, 94839, 2595, 13365
2026/07/30 23:38:26.001, 322.95, 65, 56, 94839, 2595, 13365
2026/07/30 23:38:27.073, 243.72, 65, 100, 94839, 2085, 13365
2026/07/30 23:38:28.155, 218.37, 63, 57, 94839, 2610, 13365
2026/07/30 23:38:29.237, 354.09, 64, 58, 94839, 2602, 13365
2026/07/30 23:38:30.319, 348.56, 66, 50, 94839, 2602, 13365
2026/07/30 23:38:31.406, 349.99, 65, 58, 94839, 2602, 13365
2026/07/30 23:38:32.489, 351.64, 64, 57, 94839, 2602, 13365
2026/07/30 23:38:33.575, 350.14, 66, 50, 94839, 2602, 13365
2026/07/30 23:38:34.656, 347.90, 65, 51, 94839, 2595, 13365
2026/07/30 23:38:35.742, 350.64, 66, 54, 94839, 2602, 13365
2026/07/30 23:38:36.832, 350.33, 65, 52, 94839, 2595, 13365
2026/07/30 23:38:37.910, 350.13, 65, 59, 94839, 2595, 13365
2026/07/30 23:38:38.993, 347.88, 66, 49, 94839, 2602, 13365
2026/07/30 23:38:40.074, 352.31, 66, 48, 94839, 2602, 13365
2026/07/30 23:38:41.159, 349.51, 65, 50, 94839, 2602, 13365
2026/07/30 23:38:42.243, 350.51, 66, 50, 94839, 2602, 13365
2026/07/30 23:38:43.330, 348.70, 66, 49, 94839, 2602, 13365
2026/07/30 23:38:44.412, 350.94, 66, 55, 94839, 2602, 13365
2026/07/30 23:38:45.499, 350.54, 65, 56, 94839, 2595, 13365
2026/07/30 23:38:46.582, 348.91, 65, 58, 94839, 2595, 13365
2026/07/30 23:38:47.662, 350.72, 66, 55, 94839, 2602, 13365
2026/07/30 23:38:48.743, 349.47, 66, 49, 94839, 2587, 13365
2026/07/30 23:38:49.829, 349.80, 67, 50, 94839, 2602, 13365
2026/07/30 23:38:50.907, 351.13, 65, 58, 94839, 2595, 13365
2026/07/30 23:38:51.989, 350.09, 65, 53, 94839, 2595, 13365
2026/07/30 23:38:53.077, 349.80, 65, 57, 94839, 2595, 13365
2026/07/30 23:38:54.165, 351.29, 66, 53, 94839, 2587, 13365
2026/07/30 23:38:55.253, 349.19, 66, 51, 94839, 2602, 13365
2026/07/30 23:38:56.337, 350.25, 66, 55, 94839, 2595, 13365
2026/07/30 23:38:57.429, 350.14, 64, 55, 94839, 2587, 13365
2026/07/30 23:38:58.517, 349.50, 66, 48, 94839, 2595, 13365
2026/07/30 23:38:59.595, 347.61, 66, 50, 94839, 2602, 13365
2026/07/30 23:39:00.682, 352.94, 66, 55, 94839, 2595, 13365
2026/07/30 23:39:01.760, 351.11, 65, 55, 94839, 2595, 13365
2026/07/30 23:39:02.845, 349.85, 66, 54, 94839, 2595, 13365
2026/07/30 23:39:03.926, 351.52, 66, 49, 94839, 2587, 13365
2026/07/30 23:39:05.012, 350.04, 66, 56, 94839, 2595, 13365
2026/07/30 23:39:06.097, 348.39, 65, 59, 94839, 2602, 13365
2026/07/30 23:39:07.173, 349.98, 65, 56, 94839, 2602, 13365
2026/07/30 23:39:08.250, 348.71, 67, 51, 94839, 2595, 13365
2026/07/30 23:39:09.331, 351.40, 66, 55, 94839, 2595, 13365
2026/07/30 23:39:10.414, 350.49, 66, 48, 94839, 2602, 13365
2026/07/30 23:39:11.501, 348.50, 65, 59, 94839, 2595, 13365
2026/07/30 23:39:12.576, 350.64, 65, 59, 94839, 2602, 13365
2026/07/30 23:39:13.658, 351.45, 65, 59, 94839, 2595, 13365
2026/07/30 23:39:14.743, 349.15, 65, 48, 94839, 2602, 13365
2026/07/30 23:39:15.829, 350.86, 66, 49, 94839, 2602, 13365
2026/07/30 23:39:16.907, 349.42, 65, 53, 94839, 2602, 13365
2026/07/30 23:39:17.988, 350.76, 65, 56, 94839, 2602, 13365
2026/07/30 23:39:19.065, 349.32, 65, 57, 94839, 2602, 13365
2026/07/30 23:39:20.142, 350.62, 67, 50, 94839, 2595, 13365
2026/07/30 23:39:21.224, 348.58, 64, 56, 94839, 2595, 13365
2026/07/30 23:39:22.309, 349.45, 66, 56, 94839, 2602, 13365
2026/07/30 23:39:23.392, 351.73, 66, 53, 94839, 2595, 13365
2026/07/30 23:39:24.485, 349.48, 66, 55, 94839, 2595, 13365
2026/07/30 23:39:25.569, 350.20, 67, 50, 94839, 2602, 13365
2026/07/30 23:39:26.651, 350.48, 65, 58, 94839, 2595, 13365
2026/07/30 23:39:27.739, 349.97, 65, 58, 94839, 2595, 13365
2026/07/30 23:39:28.824, 351.86, 64, 56, 94839, 2595, 13365
2026/07/30 23:39:29.904, 349.77, 65, 49, 94839, 2595, 13365
2026/07/30 23:39:30.995, 348.13, 65, 55, 94839, 2602, 13365
2026/07/30 23:39:32.080, 352.69, 66, 56, 94839, 2602, 13365
2026/07/30 23:39:33.162, 350.76, 67, 52, 94839, 2595, 13365
2026/07/30 23:39:34.246, 347.89, 67, 51, 94839, 2602, 13365
2026/07/30 23:39:35.330, 348.00, 66, 47, 94839, 2602, 13365
2026/07/30 23:39:36.409, 350.00, 66, 48, 94839, 2602, 13365
2026/07/30 23:39:37.490, 351.87, 65, 56, 94839, 2602, 13365
2026/07/30 23:39:38.571, 350.33, 65, 52, 94839, 2602, 13365
2026/07/30 23:39:39.652, 350.67, 66, 55, 94839, 2602, 13365
2026/07/30 23:39:40.731, 350.32, 67, 50, 94839, 2602, 13365
2026/07/30 23:39:41.810, 348.33, 66, 55, 94839, 2610, 13365
2026/07/30 23:39:42.894, 351.70, 67, 49, 94839, 2602, 13365
2026/07/30 23:39:43.973, 350.83, 65, 51, 94839, 2595, 13365
2026/07/30 23:39:45.051, 352.20, 65, 58, 94839, 2602, 13365
2026/07/30 23:39:46.123, 350.53, 66, 54, 94839, 2595, 13365
2026/07/30 23:39:47.196, 348.93, 65, 59, 94839, 2602, 13365
2026/07/30 23:39:48.275, 350.61, 66, 51, 94839, 2602, 13365
2026/07/30 23:39:49.366, 352.73, 66, 55, 94839, 2602, 13365
2026/07/30 23:39:50.456, 351.23, 67, 52, 94839, 2602, 13365
2026/07/30 23:39:51.543, 350.91, 67, 50, 94839, 2602, 13365
2026/07/30 23:39:52.629, 350.01, 67, 51, 94839, 2602, 13365
2026/07/30 23:39:53.715, 347.74, 67, 48, 94839, 2610, 13365
2026/07/30 23:39:54.794, 351.30, 66, 50, 94839, 2595, 13365
2026/07/30 23:39:55.872, 349.87, 65, 58, 94839, 2602, 13365
2026/07/30 23:39:56.943, 350.22, 66, 50, 94839, 2602, 13365
2026/07/30 23:39:58.026, 349.21, 65, 58, 94839, 2602, 13365
2026/07/30 23:39:59.109, 350.10, 66, 48, 94839, 2602, 13365
2026/07/30 23:40:00.196, 351.98, 66, 49, 94839, 2595, 13365
2026/07/30 23:40:01.282, 350.99, 65, 53, 94839, 2595, 13365
2026/07/30 23:40:02.364, 351.19, 66, 53, 94839, 2602, 13365
2026/07/30 23:40:03.442, 349.85, 65, 57, 94839, 2602, 13365
2026/07/30 23:40:04.524, 353.77, 65, 60, 94839, 2587, 13365
2026/07/30 23:40:05.600, 350.81, 66, 55, 94839, 2602, 13365
2026/07/30 23:40:06.676, 352.51, 66, 54, 94839, 2602, 13365
2026/07/30 23:40:07.746, 349.53, 66, 53, 94839, 2595, 13365
2026/07/30 23:40:08.821, 348.86, 66, 49, 94839, 2602, 13365
2026/07/30 23:40:09.905, 349.52, 65, 58, 94839, 2595, 13365
2026/07/30 23:40:10.990, 349.55, 67, 49, 94839, 2602, 13365
2026/07/30 23:40:12.082, 349.55, 65, 59, 94839, 2602, 13365
2026/07/30 23:40:13.176, 348.86, 65, 55, 94839, 2595, 13365
2026/07/30 23:40:14.275, 350.67, 67, 51, 94839, 2587, 13365
2026/07/30 23:40:15.359, 348.18, 65, 56, 94839, 2602, 13365
2026/07/30 23:40:16.442, 350.59, 66, 56, 94839, 2602, 13365
2026/07/30 23:40:17.528, 349.39, 66, 56, 94839, 2595, 13365
2026/07/30 23:40:18.608, 350.04, 67, 50, 94839, 2595, 13365
2026/07/30 23:40:19.693, 350.46, 67, 51, 94839, 2595, 13365
2026/07/30 23:40:20.768, 351.67, 66, 50, 94839, 2595, 13365
2026/07/30 23:40:21.853, 351.12, 65, 58, 94839, 2595, 13365
2026/07/30 23:40:22.931, 350.57, 66, 57, 94839, 2595, 13365
2026/07/30 23:40:24.016, 352.11, 65, 59, 94839, 2602, 13365
2026/07/30 23:40:25.088, 306.64, 65, 56, 94839, 2587, 13365
2026/07/30 23:40:26.157, 234.51, 62, 77, 94839, 2692, 13365
2026/07/30 23:40:27.234, 218.93, 65, 51, 94839, 2610, 13365
2026/07/30 23:40:28.317, 353.79, 64, 58, 94839, 2602, 13365
2026/07/30 23:40:29.400, 352.86, 66, 49, 94839, 2595, 13365
2026/07/30 23:40:30.478, 350.24, 66, 51, 94839, 2602, 13365
2026/07/30 23:40:31.563, 350.10, 65, 56, 94839, 2602, 13365
2026/07/30 23:40:32.640, 351.04, 65, 56, 94839, 2602, 13365
2026/07/30 23:40:33.714, 350.10, 65, 57, 94839, 2602, 13365
2026/07/30 23:40:34.800, 350.01, 66, 51, 94839, 2602, 13365
2026/07/30 23:40:35.885, 350.79, 66, 54, 94839, 2595, 13365
2026/07/30 23:40:36.967, 350.65, 65, 59, 94839, 2602, 13365
2026/07/30 23:40:38.053, 350.31, 67, 52, 94839, 2595, 13365
2026/07/30 23:40:39.138, 352.36, 67, 51, 94839, 2587, 13365
2026/07/30 23:40:40.223, 349.97, 66, 53, 94839, 2595, 13365
2026/07/30 23:40:41.309, 349.05, 65, 53, 94839, 2587, 13365
2026/07/30 23:40:42.393, 349.83, 67, 51, 94839, 2602, 13365
2026/07/30 23:40:43.479, 349.50, 65, 55, 94839, 2595, 13365
2026/07/30 23:40:44.561, 351.80, 66, 52, 94839, 2602, 13365
2026/07/30 23:40:45.642, 350.23, 66, 54, 94839, 2595, 13365
2026/07/30 23:40:46.731, 351.20, 66, 51, 94839, 2587, 13365
2026/07/30 23:40:47.816, 351.70, 65, 58, 94839, 2602, 13365
2026/07/30 23:40:48.897, 347.79, 66, 49, 94839, 2595, 13365
2026/07/30 23:40:49.979, 349.98, 66, 49, 94839, 2602, 13365
2026/07/30 23:40:51.068, 346.61, 67, 49, 94839, 2602, 13365
2026/07/30 23:40:52.152, 350.88, 65, 58, 94839, 2595, 13365
2026/07/30 23:40:53.236, 349.04, 65, 54, 94839, 2602, 13365
2026/07/30 23:40:54.325, 350.79, 67, 49, 94839, 2595, 13365
2026/07/30 23:40:55.403, 350.93, 66, 53, 94839, 2602, 13365
2026/07/30 23:40:56.485, 349.18, 66, 50, 94839, 2602, 13365
2026/07/30 23:40:57.578, 349.92, 66, 56, 94839, 2595, 13365
2026/07/30 23:40:58.669, 350.98, 65, 54, 94839, 2587, 13365
2026/07/30 23:40:59.750, 348.92, 66, 53, 94839, 2595, 13365
2026/07/30 23:41:00.837, 349.10, 67, 49, 94839, 2602, 13365
2026/07/30 23:41:01.921, 352.19, 66, 49, 94839, 2602, 13365
2026/07/30 23:41:03.001, 351.63, 67, 50, 94839, 2602, 13365
2026/07/30 23:41:04.081, 347.07, 65, 60, 94839, 2595, 13365
2026/07/30 23:41:05.163, 349.44, 65, 53, 94839, 2602, 13365
2026/07/30 23:41:06.249, 351.72, 65, 50, 94839, 2595, 13365
2026/07/30 23:41:07.338, 350.86, 66, 50, 94839, 2595, 13365
2026/07/30 23:41:08.418, 348.00, 66, 51, 94839, 2595, 13365
2026/07/30 23:41:09.493, 352.22, 65, 55, 94839, 2602, 13365
2026/07/30 23:41:10.576, 350.12, 65, 59, 94839, 2602, 13365
2026/07/30 23:41:11.664, 348.48, 65, 57, 94839, 2595, 13365
2026/07/30 23:41:12.754, 352.31, 66, 56, 94839, 2595, 13365
2026/07/30 23:41:13.840, 349.80, 65, 59, 94839, 2595, 13365
2026/07/30 23:41:14.927, 346.40, 66, 50, 94839, 2595, 13365
2026/07/30 23:41:16.011, 352.60, 65, 58, 94839, 2602, 13365
2026/07/30 23:41:17.092, 350.35, 67, 50, 94839, 2595, 13365
2026/07/30 23:41:18.175, 352.45, 67, 50, 94839, 2602, 13365
2026/07/30 23:41:19.251, 350.60, 67, 51, 94839, 2595, 13365
2026/07/30 23:41:20.338, 349.89, 67, 49, 94839, 2602, 13365
2026/07/30 23:41:21.418, 352.33, 67, 51, 94839, 2595, 13365
2026/07/30 23:41:22.499, 348.02, 66, 53, 94839, 2602, 13365
2026/07/30 23:41:23.572, 352.12, 66, 52, 94839, 2595, 13365
2026/07/30 23:41:24.652, 350.26, 65, 58, 94839, 2602, 13365
2026/07/30 23:41:25.727, 351.05, 67, 48, 94839, 2610, 13365
2026/07/30 23:41:26.813, 349.59, 66, 54, 94839, 2602, 13365
2026/07/30 23:41:27.900, 351.53, 66, 54, 94839, 2602, 13365
2026/07/30 23:41:28.994, 350.90, 66, 54, 94839, 2602, 13365
2026/07/30 23:41:30.079, 350.48, 66, 55, 94839, 2602, 13365
2026/07/30 23:41:31.165, 350.83, 67, 49, 94839, 2602, 13365
2026/07/30 23:41:32.247, 349.26, 67, 49, 94839, 2602, 13365
2026/07/30 23:41:33.332, 350.17, 66, 48, 94839, 2602, 13365
2026/07/30 23:41:34.419, 351.53, 67, 50, 94839, 2602, 13365
2026/07/30 23:41:35.502, 350.05, 67, 48, 94839, 2602, 13365
2026/07/30 23:41:36.584, 349.89, 65, 57, 94839, 2610, 13365
2026/07/30 23:41:37.668, 350.22, 66, 48, 94839, 2602, 13365
2026/07/30 23:41:38.749, 349.79, 67, 50, 94839, 2602, 13365
2026/07/30 23:41:39.845, 350.29, 65, 58, 94839, 2595, 13365
2026/07/30 23:41:40.934, 349.91, 65, 59, 94839, 2595, 13365
2026/07/30 23:41:42.020, 349.18, 66, 53, 94839, 2587, 13365
2026/07/30 23:41:43.105, 350.52, 66, 55, 94839, 2602, 13365
2026/07/30 23:41:44.183, 349.85, 66, 54, 94839, 2595, 13365
2026/07/30 23:41:45.263, 351.18, 65, 57, 94839, 2602, 13365
2026/07/30 23:41:46.339, 350.41, 65, 57, 94839, 2595, 13365
2026/07/30 23:41:47.430, 349.76, 67, 49, 94839, 2602, 13365
2026/07/30 23:41:48.512, 351.02, 65, 56, 94839, 2602, 13365
2026/07/30 23:41:49.597, 349.18, 65, 56, 94839, 2595, 13365
2026/07/30 23:41:50.680, 349.58, 66, 53, 94839, 2587, 13365
2026/07/30 23:41:51.760, 348.76, 67, 50, 94839, 2595, 13365
2026/07/30 23:41:52.838, 349.12, 67, 49, 94839, 2595, 13365
2026/07/30 23:41:53.920, 352.32, 67, 49, 94839, 2595, 13365
2026/07/30 23:41:55.001, 347.72, 66, 55, 94839, 2587, 13365
2026/07/30 23:41:56.076, 350.46, 67, 49, 94839, 2595, 13365
2026/07/30 23:41:57.157, 349.65, 65, 56, 94839, 2602, 13365
2026/07/30 23:41:58.238, 349.95, 65, 58, 94839, 2595, 13365
2026/07/30 23:41:59.317, 351.70, 65, 59, 94839, 2595, 13365
2026/07/30 23:42:00.400, 350.54, 67, 52, 94839, 2595, 13365
2026/07/30 23:42:01.486, 350.47, 66, 50, 94839, 2602, 13365
2026/07/30 23:42:02.569, 349.98, 66, 54, 94839, 2595, 13365
2026/07/30 23:42:03.649, 349.79, 66, 54, 94839, 2580, 13365
2026/07/30 23:42:04.730, 350.80, 66, 52, 94839, 2587, 13365
2026/07/30 23:42:05.815, 351.38, 66, 54, 94839, 2595, 13365
2026/07/30 23:42:06.899, 349.85, 65, 52, 94839, 2587, 13365
2026/07/30 23:42:07.982, 350.63, 66, 56, 94839, 2602, 13365
2026/07/30 23:42:09.072, 350.85, 67, 59, 94839, 2595, 13365
2026/07/30 23:42:10.161, 351.70, 65, 51, 94839, 2595, 13365
2026/07/30 23:42:11.248, 347.93, 65, 48, 94839, 2595, 13365
2026/07/30 23:42:12.334, 350.17, 65, 50, 94839, 2587, 13365
2026/07/30 23:42:13.411, 351.43, 66, 54, 94839, 2595, 13365
2026/07/30 23:42:14.483, 348.75, 65, 51, 94839, 2602, 13365
2026/07/30 23:42:15.569, 351.29, 66, 54, 94839, 2602, 13365
2026/07/30 23:42:16.658, 348.56, 67, 58, 94839, 2587, 13365
2026/07/30 23:42:17.750, 350.48, 65, 49, 94839, 2602, 13365
2026/07/30 23:42:18.830, 351.43, 67, 58, 94839, 2595, 13365
2026/07/30 23:42:19.923, 350.65, 65, 49, 94839, 2602, 13365
2026/07/30 23:42:21.008, 350.11, 65, 52, 94839, 2587, 13365
2026/07/30 23:42:22.085, 350.24, 67, 60, 94839, 2602, 13365
2026/07/30 23:42:23.169, 349.08, 67, 57, 94839, 2595, 13365
2026/07/30 23:42:24.239, 262.11, 68, 29, 94839, 2610, 13365
2026/07/30 23:42:25.304, 192.44, 60, 69, 94839, 2610, 13365
2026/07/30 23:42:26.381, 309.30, 66, 56, 94839, 2610, 13365
2026/07/30 23:42:27.468, 350.65, 64, 50, 94839, 2595, 13365
2026/07/30 23:42:28.557, 351.25, 65, 47, 94839, 2602, 13365
2026/07/30 23:42:29.642, 349.10, 65, 52, 94839, 2602, 13365
2026/07/30 23:42:30.734, 351.45, 64, 50, 94839, 2602, 13365
2026/07/30 23:42:31.817, 350.42, 65, 54, 94839, 2595, 13365
2026/07/30 23:42:32.902, 350.09, 67, 58, 94839, 2595, 13365
2026/07/30 23:42:33.989, 350.74, 66, 55, 94839, 2602, 13365
2026/07/30 23:42:35.075, 349.44, 66, 56, 94839, 2595, 13365
2026/07/30 23:42:36.157, 349.94, 66, 51, 94839, 2595, 13365
2026/07/30 23:42:37.232, 349.71, 66, 51, 94839, 2602, 13365
2026/07/30 23:42:38.308, 348.62, 66, 47, 94839, 2602, 13365
2026/07/30 23:42:39.392, 349.87, 65, 58, 94839, 2602, 13365
2026/07/30 23:42:40.474, 350.95, 65, 57, 94839, 2602, 13365
2026/07/30 23:42:41.558, 349.06, 66, 48, 94839, 2610, 13365
2026/07/30 23:42:42.646, 350.08, 65, 56, 94839, 2602, 13365
2026/07/30 23:42:43.727, 353.11, 66, 56, 94839, 2602, 13365
2026/07/30 23:42:44.808, 349.42, 65, 58, 94839, 2595, 13365
2026/07/30 23:42:45.894, 351.18, 66, 53, 94839, 2595, 13365
2026/07/30 23:42:46.986, 349.21, 65, 55, 94839, 2595, 13365
2026/07/30 23:42:48.068, 348.23, 65, 52, 94839, 2602, 13365
2026/07/30 23:42:49.154, 350.37, 65, 58, 94839, 2610, 13365
2026/07/30 23:42:50.229, 353.01, 65, 59, 94839, 2602, 13365
2026/07/30 23:42:51.308, 349.86, 65, 55, 94839, 2595, 13365
2026/07/30 23:42:52.397, 348.04, 66, 51, 94839, 2595, 13365
2026/07/30 23:42:53.475, 349.18, 65, 57, 94839, 2595, 13365
2026/07/30 23:42:54.555, 351.56, 65, 56, 94839, 2602, 13365
2026/07/30 23:42:55.633, 351.04, 66, 55, 94839, 2602, 13365
2026/07/30 23:42:56.717, 349.82, 65, 56, 94839, 2602, 13365
2026/07/30 23:42:57.799, 352.87, 66, 54, 94839, 2595, 13365
2026/07/30 23:42:58.893, 350.49, 65, 58, 94839, 2587, 13365
2026/07/30 23:42:59.980, 349.35, 66, 51, 94839, 2602, 13365
2026/07/30 23:43:01.063, 352.15, 65, 58, 94839, 2595, 13365
2026/07/30 23:43:02.147, 350.83, 66, 54, 94839, 2587, 13365
2026/07/30 23:43:03.234, 349.14, 66, 52, 94839, 2595, 13365
2026/07/30 23:43:04.320, 350.76, 66, 52, 94839, 2587, 13365
2026/07/30 23:43:05.399, 347.57, 65, 58, 94839, 2587, 13365
2026/07/30 23:43:06.476, 350.80, 65, 59, 94839, 2595, 13365
2026/07/30 23:43:07.564, 351.06, 67, 51, 94839, 2595, 13365
2026/07/30 23:43:08.645, 350.83, 65, 60, 94839, 2595, 13365
2026/07/30 23:43:09.725, 347.23, 65, 54, 94839, 2595, 13365
2026/07/30 23:43:10.809, 348.90, 65, 56, 94839, 2602, 13365
2026/07/30 23:43:11.895, 352.31, 65, 58, 94839, 2602, 13365
2026/07/30 23:43:12.987, 353.36, 67, 50, 94839, 2602, 13365
2026/07/30 23:43:14.074, 352.67, 65, 56, 94839, 2595, 13365
2026/07/30 23:43:15.161, 349.59, 66, 52, 94839, 2602, 13365
2026/07/30 23:43:16.250, 350.54, 65, 54, 94839, 2595, 13365
2026/07/30 23:43:17.333, 348.72, 65, 59, 94839, 2602, 13365
2026/07/30 23:43:18.421, 353.51, 66, 56, 94839, 2595, 13365
2026/07/30 23:43:19.515, 350.05, 66, 52, 94839, 2587, 13365
2026/07/30 23:43:20.601, 348.69, 67, 48, 94839, 2595, 13365
2026/07/30 23:43:21.680, 352.16, 67, 51, 94839, 2587, 13365
2026/07/30 23:43:22.772, 350.46, 66, 56, 94839, 2587, 13365
2026/07/30 23:43:23.864, 347.54, 67, 49, 94839, 2595, 13365
2026/07/30 23:43:24.950, 351.50, 66, 54, 94839, 2595, 13365
2026/07/30 23:43:26.024, 349.51, 66, 52, 94839, 2595, 13365
2026/07/30 23:43:27.108, 351.11, 67, 48, 94839, 2602, 13365
2026/07/30 23:43:28.191, 351.77, 65, 57, 94839, 2595, 13365
2026/07/30 23:43:29.270, 349.48, 65, 57, 94839, 2602, 13365
2026/07/30 23:43:30.358, 352.74, 66, 54, 94839, 2595, 13365
2026/07/30 23:43:31.445, 348.45, 65, 59, 94839, 2602, 13365
2026/07/30 23:43:32.529, 352.50, 67, 50, 94839, 2602, 13365
2026/07/30 23:43:33.618, 351.76, 65, 59, 94839, 2595, 13365
2026/07/30 23:43:34.709, 352.43, 65, 57, 94839, 2595, 13365
2026/07/30 23:43:35.797, 350.54, 66, 52, 94839, 2602, 13365
2026/07/30 23:43:36.885, 350.17, 66, 53, 94839, 2602, 13365
2026/07/30 23:43:37.965, 353.23, 67, 50, 94839, 2602, 13365
2026/07/30 23:43:39.054, 352.24, 66, 51, 94839, 2602, 13365
2026/07/30 23:43:40.145, 349.01, 65, 59, 94839, 2587, 13365
2026/07/30 23:43:41.223, 349.36, 64, 49, 94839, 2602, 13365
2026/07/30 23:43:42.308, 350.20, 65, 56, 94839, 2595, 13365
2026/07/30 23:43:43.392, 350.89, 65, 56, 94839, 2602, 13365
2026/07/30 23:43:44.475, 350.07, 65, 56, 94839, 2602, 13365
2026/07/30 23:43:45.559, 351.20, 65, 58, 94839, 2595, 13365
2026/07/30 23:43:46.650, 352.55, 65, 59, 94839, 2595, 13365
2026/07/30 23:43:47.732, 350.27, 67, 51, 94839, 2587, 13365
2026/07/30 23:43:48.813, 349.86, 65, 59, 94839, 2595, 13365
2026/07/30 23:43:49.902, 352.15, 66, 52, 94839, 2595, 13365
2026/07/30 23:43:50.986, 350.66, 67, 52, 94839, 2602, 13365
2026/07/30 23:43:52.073, 349.68, 66, 52, 94839, 2602, 13365
2026/07/30 23:43:53.159, 351.16, 66, 51, 94839, 2595, 13365
2026/07/30 23:43:54.255, 351.43, 66, 53, 94839, 2587, 13365
2026/07/30 23:43:55.343, 350.12, 65, 57, 94839, 2595, 13365
2026/07/30 23:43:56.430, 349.38, 66, 54, 94839, 2595, 13365
2026/07/30 23:43:57.517, 348.53, 65, 59, 94839, 2587, 13365
2026/07/30 23:43:58.602, 351.27, 65, 54, 94839, 2595, 13365
2026/07/30 23:43:59.680, 349.12, 67, 49, 94839, 2595, 13365
2026/07/30 23:44:00.760, 352.08, 67, 50, 94839, 2587, 13365
2026/07/30 23:44:01.845, 349.62, 66, 54, 94839, 2587, 13365
2026/07/30 23:44:02.930, 349.32, 67, 49, 94839, 2595, 13365
2026/07/30 23:44:04.012, 352.08, 67, 50, 94839, 2595, 13365
2026/07/30 23:44:05.093, 349.95, 67, 49, 94839, 2595, 13365
2026/07/30 23:44:06.187, 349.07, 66, 48, 94839, 2602, 13365
2026/07/30 23:44:07.285, 354.59, 66, 53, 94839, 2595, 13365
2026/07/30 23:44:08.373, 347.91, 65, 56, 94839, 2595, 13365
2026/07/30 23:44:09.461, 348.52, 65, 58, 94839, 2595, 13365
2026/07/30 23:44:10.549, 350.66, 66, 56, 94839, 2595, 13365
2026/07/30 23:44:11.632, 350.13, 65, 56, 94839, 2587, 13365
2026/07/30 23:44:12.720, 349.61, 65, 58, 94839, 2602, 13365
2026/07/30 23:44:13.811, 352.25, 67, 50, 94839, 2595, 13365
2026/07/30 23:44:14.892, 350.02, 67, 48, 94839, 2595, 13365
2026/07/30 23:44:15.977, 351.84, 65, 58, 94839, 2595, 13365
2026/07/30 23:44:17.063, 352.02, 66, 55, 94839, 2587, 13365
2026/07/30 23:44:18.150, 350.65, 66, 53, 94839, 2587, 13365
2026/07/30 23:44:19.241, 350.48, 65, 60, 94839, 2587, 13365
2026/07/30 23:44:20.323, 349.89, 65, 58, 94839, 2595, 13365
2026/07/30 23:44:21.411, 351.00, 66, 55, 94839, 2595, 13365
2026/07/30 23:44:22.486, 269.38, 61, 0, 94839, 2587, 13365
2026/07/30 23:44:23.550, 236.85, 61, 77, 94839, 2167, 13365
2026/07/30 23:44:24.622, 248.31, 65, 48, 94839, 2602, 13365
2026/07/30 23:44:25.711, 352.55, 66, 49, 94839, 2595, 13365
2026/07/30 23:44:26.790, 350.80, 64, 59, 94839, 2595, 13365
2026/07/30 23:44:27.873, 350.39, 66, 48, 94839, 2595, 13365
2026/07/30 23:44:28.955, 349.34, 64, 57, 94839, 2602, 13365
2026/07/30 23:44:30.039, 349.70, 64, 58, 94839, 2602, 13365
2026/07/30 23:44:31.122, 351.21, 65, 53, 94839, 2610, 13365
2026/07/30 23:44:32.199, 353.11, 65, 59, 94839, 2595, 13365
2026/07/30 23:44:33.289, 350.92, 66, 49, 94839, 2595, 13365
2026/07/30 23:44:34.378, 352.73, 65, 56, 94839, 2595, 13365
2026/07/30 23:44:35.455, 350.34, 66, 52, 94839, 2602, 13365
2026/07/30 23:44:36.550, 352.94, 64, 58, 94839, 2595, 13365
2026/07/30 23:44:37.633, 349.42, 65, 55, 94839, 2595, 13365
2026/07/30 23:44:38.721, 352.29, 65, 58, 94839, 2602, 13365
2026/07/30 23:44:39.808, 346.77, 64, 52, 94839, 2602, 13365
2026/07/30 23:44:40.893, 349.66, 65, 55, 94839, 2610, 13365
2026/07/30 23:44:41.970, 350.00, 67, 48, 94839, 2602, 13365
2026/07/30 23:44:43.052, 350.96, 66, 48, 94839, 2602, 13365
2026/07/30 23:44:44.138, 351.11, 67, 48, 94839, 2602, 13365
2026/07/30 23:44:45.234, 353.41, 67, 51, 94839, 2602, 13365
2026/07/30 23:44:46.319, 350.42, 66, 51, 94839, 2602, 13365
2026/07/30 23:44:47.409, 349.70, 67, 49, 94839, 2602, 13365
2026/07/30 23:44:48.489, 353.16, 66, 51, 94839, 2602, 13365
2026/07/30 23:44:49.575, 349.82, 67, 49, 94839, 2602, 13365
2026/07/30 23:44:50.667, 351.59, 67, 51, 94839, 2595, 13365
2026/07/30 23:44:51.749, 350.05, 65, 58, 94839, 2587, 13365
2026/07/30 23:44:52.843, 349.64, 65, 56, 94839, 2587, 13365
2026/07/30 23:44:53.931, 349.40, 67, 51, 94839, 2595, 13365
2026/07/30 23:44:55.008, 348.64, 66, 48, 94839, 2602, 13365
2026/07/30 23:44:56.086, 349.26, 65, 57, 94839, 2602, 13365
2026/07/30 23:44:57.165, 350.91, 65, 58, 94839, 2602, 13365
2026/07/30 23:44:58.248, 353.23, 66, 51, 94839, 2595, 13365
2026/07/30 23:44:59.332, 349.07, 65, 57, 94839, 2595, 13365
2026/07/30 23:45:00.416, 350.29, 67, 49, 94839, 2595, 13365
2026/07/30 23:45:01.499, 349.76, 66, 54, 94839, 2602, 13365
2026/07/30 23:45:02.587, 351.99, 66, 52, 94839, 2595, 13365
2026/07/30 23:45:03.670, 350.31, 66, 56, 94839, 2587, 13365
2026/07/30 23:45:04.757, 345.50, 65, 54, 94839, 2602, 13365
2026/07/30 23:45:05.843, 352.16, 65, 57, 94839, 2602, 13365
2026/07/30 23:45:06.936, 351.07, 66, 52, 94839, 2595, 13365
2026/07/30 23:45:08.016, 349.52, 66, 52, 94839, 2595, 13365
2026/07/30 23:45:09.091, 350.88, 67, 49, 94839, 2602, 13365
2026/07/30 23:45:10.174, 349.89, 65, 54, 94839, 2602, 13365
2026/07/30 23:45:11.260, 350.41, 65, 56, 94839, 2602, 13365
2026/07/30 23:45:12.345, 351.84, 66, 55, 94839, 2595, 13365
2026/07/30 23:45:13.432, 348.60, 66, 53, 94839, 2602, 13365
2026/07/30 23:45:14.509, 351.33, 66, 49, 94839, 2602, 13365
2026/07/30 23:45:15.592, 347.71, 65, 55, 94839, 2610, 13365
2026/07/30 23:45:16.678, 353.07, 67, 50, 94839, 2595, 13365
2026/07/30 23:45:17.761, 352.63, 67, 50, 94839, 2595, 13365
2026/07/30 23:45:18.839, 353.58, 65, 60, 94839, 2587, 13365
2026/07/30 23:45:19.932, 350.11, 67, 49, 94839, 2595, 13365
2026/07/30 23:45:21.013, 351.52, 66, 51, 94839, 2595, 13365
2026/07/30 23:45:22.097, 348.81, 67, 51, 94839, 2602, 13365
2026/07/30 23:45:23.189, 348.36, 66, 52, 94839, 2595, 13365
2026/07/30 23:45:24.277, 350.97, 65, 59, 94839, 2595, 13365
2026/07/30 23:45:25.359, 350.86, 66, 53, 94839, 2595, 13365
2026/07/30 23:45:26.447, 348.81, 65, 58, 94839, 2602, 13365
2026/07/30 23:45:27.524, 351.55, 66, 56, 94839, 2595, 13365
2026/07/30 23:45:28.609, 349.27, 67, 49, 94839, 2595, 13365
2026/07/30 23:45:29.688, 349.17, 65, 55, 94839, 2602, 13365
2026/07/30 23:45:30.764, 349.65, 66, 50, 94839, 2602, 13365
2026/07/30 23:45:31.857, 348.84, 67, 49, 94839, 2602, 13365
2026/07/30 23:45:32.944, 351.20, 65, 55, 94839, 2602, 13365
2026/07/30 23:45:34.028, 348.85, 66, 54, 94839, 2602, 13365
2026/07/30 23:45:35.107, 348.75, 67, 48, 94839, 2602, 13365
2026/07/30 23:45:36.190, 348.49, 66, 51, 94839, 2610, 13365
2026/07/30 23:45:37.270, 352.07, 65, 57, 94839, 2595, 13365
2026/07/30 23:45:38.349, 349.27, 65, 57, 94839, 2595, 13365
2026/07/30 23:45:39.431, 349.31, 65, 59, 94839, 2595, 13365
2026/07/30 23:45:40.514, 351.00, 65, 59, 94839, 2595, 13365
2026/07/30 23:45:41.607, 347.49, 66, 51, 94839, 2587, 13365
2026/07/30 23:45:42.686, 352.26, 67, 51, 94839, 2595, 13365
2026/07/30 23:45:43.769, 349.87, 65, 54, 94839, 2595, 13365
2026/07/30 23:45:44.845, 348.75, 65, 57, 94839, 2602, 13365
2026/07/30 23:45:45.930, 350.70, 65, 54, 94839, 2602, 13365
2026/07/30 23:45:47.006, 346.89, 66, 55, 94839, 2610, 13365
2026/07/30 23:45:48.090, 352.83, 65, 57, 94839, 2602, 13365
2026/07/30 23:45:49.170, 348.11, 65, 55, 94839, 2595, 13365
2026/07/30 23:45:50.256, 352.43, 66, 54, 94839, 2602, 13365
2026/07/30 23:45:51.341, 353.15, 65, 58, 94839, 2602, 13365
2026/07/30 23:45:52.431, 351.10, 67, 53, 94839, 2595, 13365
2026/07/30 23:45:53.514, 349.11, 66, 52, 94839, 2587, 13365
2026/07/30 23:45:54.599, 349.46, 65, 55, 94839, 2587, 13365
2026/07/30 23:45:55.678, 351.66, 66, 52, 94839, 2587, 13365
2026/07/30 23:45:56.767, 350.01, 67, 49, 94839, 2595, 13365
2026/07/30 23:45:57.847, 350.85, 66, 53, 94839, 2587, 13365
2026/07/30 23:45:58.941, 347.19, 66, 58, 94839, 2587, 13365
2026/07/30 23:46:00.024, 348.13, 65, 58, 94839, 2595, 13365
2026/07/30 23:46:01.106, 348.62, 65, 57, 94839, 2595, 13365
2026/07/30 23:46:02.191, 352.77, 65, 59, 94839, 2595, 13365
2026/07/30 23:46:03.273, 350.44, 66, 58, 94839, 2595, 13365
2026/07/30 23:46:04.360, 350.94, 67, 51, 94839, 2595, 13365
2026/07/30 23:46:05.442, 348.38, 66, 56, 94839, 2595, 13365
2026/07/30 23:46:06.519, 352.23, 66, 50, 94839, 2602, 13365
2026/07/30 23:46:07.601, 349.52, 66, 50, 94839, 2595, 13365
2026/07/30 23:46:08.676, 348.23, 65, 54, 94839, 2595, 13365
2026/07/30 23:46:09.759, 352.59, 65, 54, 94839, 2595, 13365
2026/07/30 23:46:10.845, 352.77, 65, 56, 94839, 2595, 13365
2026/07/30 23:46:11.929, 350.80, 65, 59, 94839, 2587, 13365
2026/07/30 23:46:13.018, 350.57, 66, 55, 94839, 2595, 13365
2026/07/30 23:46:14.107, 349.84, 67, 51, 94839, 2595, 13365
2026/07/30 23:46:15.198, 348.80, 65, 55, 94839, 2595, 13365
2026/07/30 23:46:16.286, 352.46, 65, 57, 94839, 2595, 13365
2026/07/30 23:46:17.371, 350.58, 65, 58, 94839, 2587, 13365
2026/07/30 23:46:18.448, 350.75, 65, 59, 94839, 2595, 13365
2026/07/30 23:46:19.530, 349.29, 66, 55, 94839, 2587, 13365
2026/07/30 23:46:20.616, 351.36, 65, 58, 94839, 2595, 13365
2026/07/30 23:46:21.697, 241.62, 61, 81, 94839, 1485, 13365
2026/07/30 23:46:22.775, 163.10, 60, 2, 94839, 2617, 13365
2026/07/30 23:46:23.866, 350.47, 65, 50, 94839, 2610, 13365
2026/07/30 23:46:24.951, 348.39, 65, 55, 94839, 2602, 13365
2026/07/30 23:46:26.036, 351.66, 64, 57, 94839, 2602, 13365
2026/07/30 23:46:27.125, 351.90, 66, 56, 94839, 2602, 13365
2026/07/30 23:46:28.200, 347.38, 65, 53, 94839, 2602, 13365
2026/07/30 23:46:29.277, 350.06, 65, 57, 94839, 2602, 13365
2026/07/30 23:46:30.356, 351.15, 65, 57, 94839, 2602, 13365
2026/07/30 23:46:31.441, 349.57, 65, 56, 94839, 2610, 13365
2026/07/30 23:46:32.528, 351.73, 65, 53, 94839, 2595, 13365
2026/07/30 23:46:33.611, 348.94, 66, 54, 94839, 2595, 13365
2026/07/30 23:46:34.703, 349.95, 65, 53, 94839, 2587, 13365
2026/07/30 23:46:35.783, 350.18, 67, 49, 94839, 2595, 13365
2026/07/30 23:46:36.862, 349.85, 66, 49, 94839, 2602, 13365
2026/07/30 23:46:37.947, 350.54, 66, 51, 94839, 2602, 13365
2026/07/30 23:46:39.019, 349.77, 66, 50, 94839, 2610, 13365
2026/07/30 23:46:40.097, 349.56, 65, 54, 94839, 2602, 13365
2026/07/30 23:46:41.171, 351.09, 65, 54, 94839, 2595, 13365
2026/07/30 23:46:42.249, 348.55, 65, 59, 94839, 2602, 13365
2026/07/30 23:46:43.337, 350.27, 66, 53, 94839, 2602, 13365
2026/07/30 23:46:44.420, 351.41, 65, 57, 94839, 2595, 13365
2026/07/30 23:46:45.507, 351.31, 66, 49, 94839, 2610, 13365
2026/07/30 23:46:46.593, 352.19, 65, 56, 94839, 2595, 13365
2026/07/30 23:46:47.686, 352.41, 66, 57, 94839, 2595, 13365
2026/07/30 23:46:48.764, 345.95, 67, 48, 94839, 2595, 13365
2026/07/30 23:46:49.838, 350.44, 66, 53, 94839, 2602, 13365
2026/07/30 23:46:50.918, 352.34, 66, 55, 94839, 2602, 13365
2026/07/30 23:46:51.998, 348.64, 66, 54, 94839, 2602, 13365
2026/07/30 23:46:53.079, 350.27, 66, 50, 94839, 2595, 13365
2026/07/30 23:46:54.160, 348.93, 65, 53, 94839, 2602, 13365
2026/07/30 23:46:55.246, 351.19, 65, 56, 94839, 2602, 13365
2026/07/30 23:46:56.322, 349.74, 65, 54, 94839, 2595, 13365
2026/07/30 23:46:57.403, 353.45, 66, 57, 94839, 2595, 13365
2026/07/30 23:46:58.477, 352.32, 67, 49, 94839, 2595, 13365
2026/07/30 23:46:59.559, 348.01, 66, 48, 94839, 2595, 13365
2026/07/30 23:47:00.649, 350.40, 67, 52, 94839, 2602, 13365
2026/07/30 23:47:01.741, 352.86, 66, 53, 94839, 2602, 13365
2026/07/30 23:47:02.823, 350.27, 66, 57, 94839, 2595, 13365
2026/07/30 23:47:03.903, 348.10, 67, 51, 94839, 2595, 13365
2026/07/30 23:47:04.977, 350.10, 66, 54, 94839, 2602, 13365
2026/07/30 23:47:06.059, 351.17, 67, 53, 94839, 2602, 13365
2026/07/30 23:47:07.147, 350.39, 66, 49, 94839, 2602, 13365
2026/07/30 23:47:08.234, 351.79, 67, 50, 94839, 2595, 13365
2026/07/30 23:47:09.325, 350.49, 65, 57, 94839, 2595, 13365
2026/07/30 23:47:10.408, 349.63, 65, 54, 94839, 2602, 13365
2026/07/30 23:47:11.489, 349.61, 65, 57, 94839, 2602, 13365
2026/07/30 23:47:12.575, 348.72, 65, 56, 94839, 2602, 13365
2026/07/30 23:47:13.667, 350.89, 65, 57, 94839, 2595, 13365
2026/07/30 23:47:14.749, 350.04, 66, 50, 94839, 2602, 13365
2026/07/30 23:47:15.831, 353.56, 66, 54, 94839, 2595, 13365
2026/07/30 23:47:16.920, 350.40, 65, 58, 94839, 2595, 13365
2026/07/30 23:47:18.006, 350.95, 66, 57, 94839, 2595, 13365
2026/07/30 23:47:19.097, 348.89, 66, 52, 94839, 2595, 13365
2026/07/30 23:47:20.186, 348.03, 65, 55, 94839, 2595, 13365
2026/07/30 23:47:21.273, 349.73, 66, 54, 94839, 2595, 13365
2026/07/30 23:47:22.357, 351.07, 67, 50, 94839, 2595, 13365
2026/07/30 23:47:23.442, 351.09, 65, 56, 94839, 2595, 13365
2026/07/30 23:47:24.520, 349.96, 66, 48, 94839, 2602, 13365
2026/07/30 23:47:25.615, 352.33, 65, 58, 94839, 2595, 13365
2026/07/30 23:47:26.699, 351.48, 65, 59, 94839, 2595, 13365
2026/07/30 23:47:27.786, 349.88, 67, 51, 94839, 2595, 13365
2026/07/30 23:47:28.870, 349.07, 66, 52, 94839, 2595, 13365
2026/07/30 23:47:29.945, 347.51, 65, 57, 94839, 2595, 13365
2026/07/30 23:47:31.028, 349.03, 65, 56, 94839, 2602, 13365
2026/07/30 23:47:32.117, 352.17, 66, 53, 94839, 2595, 13365
2026/07/30 23:47:33.202, 350.60, 67, 53, 94839, 2587, 13365
2026/07/30 23:47:34.285, 349.74, 66, 49, 94839, 2595, 13365
2026/07/30 23:47:35.366, 353.06, 65, 58, 94839, 2595, 13365
2026/07/30 23:47:36.451, 349.73, 65, 57, 94839, 2595, 13365
2026/07/30 23:47:37.532, 350.88, 65, 58, 94839, 2602, 13365
2026/07/30 23:47:38.611, 350.31, 65, 59, 94839, 2595, 13365
2026/07/30 23:47:39.691, 349.61, 67, 49, 94839, 2595, 13365
2026/07/30 23:47:40.774, 348.60, 67, 53, 94839, 2602, 13365
2026/07/30 23:47:41.866, 354.52, 65, 60, 94839, 2602, 13365
2026/07/30 23:47:42.954, 352.17, 66, 50, 94839, 2587, 13365
2026/07/30 23:47:44.038, 351.75, 65, 53, 94839, 2595, 13365
2026/07/30 23:47:45.127, 350.08, 65, 58, 94839, 2595, 13365
2026/07/30 23:47:46.212, 351.46, 65, 58, 94839, 2587, 13365
2026/07/30 23:47:47.290, 349.99, 65, 53, 94839, 2595, 13365
2026/07/30 23:47:48.380, 352.40, 66, 57, 94839, 2587, 13365
2026/07/30 23:47:49.458, 349.28, 65, 57, 94839, 2587, 13365
2026/07/30 23:47:50.545, 351.25, 67, 53, 94839, 2587, 13365
2026/07/30 23:47:51.631, 350.04, 65, 56, 94839, 2595, 13365
2026/07/30 23:47:52.722, 350.08, 66, 53, 94839, 2587, 13365
2026/07/30 23:47:53.805, 347.92, 65, 60, 94839, 2587, 13365
2026/07/30 23:47:54.885, 350.77, 66, 53, 94839, 2587, 13365
2026/07/30 23:47:55.966, 353.32, 67, 51, 94839, 2595, 13365
2026/07/30 23:47:57.057, 352.67, 65, 58, 94839, 2587, 13365
2026/07/30 23:47:58.144, 351.76, 66, 58, 94839, 2587, 13365
2026/07/30 23:47:59.233, 351.58, 66, 53, 94839, 2580, 13365
2026/07/30 23:48:00.325, 350.02, 65, 59, 94839, 2587, 13365
2026/07/30 23:48:01.413, 350.87, 66, 58, 94839, 2587, 13365
2026/07/30 23:48:02.504, 349.55, 65, 57, 94839, 2595, 13365
2026/07/30 23:48:03.583, 350.79, 67, 54, 94839, 2587, 13365
2026/07/30 23:48:04.664, 349.04, 66, 49, 94839, 2587, 13365
2026/07/30 23:48:05.746, 346.59, 66, 51, 94839, 2602, 13365
2026/07/30 23:48:06.839, 351.79, 66, 53, 94839, 2602, 13365
2026/07/30 23:48:07.925, 350.92, 66, 57, 94839, 2587, 13365
2026/07/30 23:48:09.012, 348.47, 65, 54, 94839, 2602, 13365
2026/07/30 23:48:10.101, 348.33, 65, 56, 94839, 2595, 13365
2026/07/30 23:48:11.187, 350.08, 66, 50, 94839, 2595, 13365
2026/07/30 23:48:12.272, 347.76, 67, 48, 94839, 2587, 13365
2026/07/30 23:48:13.357, 350.07, 67, 51, 94839, 2587, 13365
2026/07/30 23:48:14.451, 351.08, 65, 55, 94839, 2587, 13365
2026/07/30 23:48:15.535, 350.49, 66, 54, 94839, 2595, 13365
2026/07/30 23:48:16.615, 349.62, 66, 60, 94839, 2587, 13365
2026/07/30 23:48:17.695, 348.92, 65, 54, 94839, 2587, 13365
2026/07/30 23:48:18.773, 350.21, 66, 61, 94839, 2587, 13365
2026/07/30 23:48:19.846, 214.69, 60, 12, 94839, 2610, 13365
2026/07/30 23:48:20.909, 236.21, 61, 76, 94839, 2640, 13365
2026/07/30 23:48:21.982, 286.52, 64, 57, 94839, 2610, 13365
2026/07/30 23:48:23.066, 352.14, 64, 56, 94839, 2602, 13365
2026/07/30 23:48:24.158, 352.32, 66, 54, 94839, 2602, 13365
2026/07/30 23:48:25.241, 352.45, 66, 50, 94839, 2595, 13365
2026/07/30 23:48:26.314, 349.48, 65, 59, 94839, 2602, 13365
2026/07/30 23:48:27.400, 351.23, 66, 51, 94839, 2602, 13365
2026/07/30 23:48:28.486, 350.88, 65, 59, 94839, 2595, 13365
2026/07/30 23:48:29.571, 350.94, 65, 53, 94839, 2602, 13365
2026/07/30 23:48:30.660, 349.92, 66, 51, 94839, 2595, 13365
2026/07/30 23:48:31.750, 349.10, 67, 53, 94839, 2602, 13365
2026/07/30 23:48:32.840, 350.66, 65, 53, 94839, 2602, 13365
2026/07/30 23:48:33.927, 346.43, 65, 50, 94839, 2602, 13365
2026/07/30 23:48:35.007, 348.88, 65, 51, 94839, 2602, 13365
2026/07/30 23:48:36.092, 353.05, 65, 59, 94839, 2602, 13365
2026/07/30 23:48:37.186, 353.21, 66, 56, 94839, 2595, 13365
2026/07/30 23:48:38.282, 350.88, 65, 59, 94839, 2595, 13365
2026/07/30 23:48:39.373, 350.35, 67, 52, 94839, 2595, 13365
2026/07/30 23:48:40.465, 350.19, 65, 59, 94839, 2602, 13365
2026/07/30 23:48:41.545, 350.11, 65, 52, 94839, 2595, 13365
2026/07/30 23:48:42.632, 350.06, 67, 53, 94839, 2595, 13365
2026/07/30 23:48:43.715, 346.22, 66, 46, 94839, 2602, 13365
2026/07/30 23:48:44.804, 352.74, 65, 54, 94839, 2595, 13365
2026/07/30 23:48:45.891, 352.75, 65, 58, 94839, 2595, 13365
2026/07/30 23:48:46.965, 351.85, 66, 52, 94839, 2595, 13365
2026/07/30 23:48:48.057, 351.12, 65, 56, 94839, 2595, 13365
2026/07/30 23:48:49.141, 350.70, 65, 54, 94839, 2595, 13365
2026/07/30 23:48:50.225, 351.56, 65, 59, 94839, 2595, 13365
2026/07/30 23:48:51.310, 347.23, 65, 58, 94839, 2602, 13365
2026/07/30 23:48:52.401, 350.69, 66, 52, 94839, 2595, 13365
2026/07/30 23:48:53.486, 348.59, 65, 56, 94839, 2595, 13365
2026/07/30 23:48:54.571, 349.66, 67, 48, 94839, 2602, 13365
2026/07/30 23:48:55.659, 350.65, 66, 48, 94839, 2602, 13365
2026/07/30 23:48:56.739, 350.46, 66, 48, 94839, 2602, 13365
2026/07/30 23:48:57.816, 353.29, 66, 51, 94839, 2602, 13365
2026/07/30 23:48:58.894, 351.93, 65, 56, 94839, 2595, 13365
2026/07/30 23:48:59.978, 350.47, 66, 56, 94839, 2595, 13365
2026/07/30 23:49:01.069, 348.75, 67, 52, 94839, 2595, 13365
2026/07/30 23:49:02.155, 348.78, 66, 50, 94839, 2595, 13365
2026/07/30 23:49:03.245, 350.52, 65, 58, 94839, 2602, 13365
2026/07/30 23:49:04.330, 348.97, 66, 55, 94839, 2595, 13365
2026/07/30 23:49:05.408, 349.42, 65, 53, 94839, 2602, 13365
2026/07/30 23:49:06.481, 352.70, 65, 52, 94839, 2602, 13365
2026/07/30 23:49:07.564, 352.19, 65, 59, 94839, 2595, 13365
2026/07/30 23:49:08.654, 350.02, 66, 50, 94839, 2595, 13365
2026/07/30 23:49:09.738, 352.11, 65, 53, 94839, 2595, 13365
2026/07/30 23:49:10.824, 348.60, 65, 59, 94839, 2595, 13365
2026/07/30 23:49:11.909, 351.75, 65, 59, 94839, 2602, 13365
2026/07/30 23:49:12.997, 349.44, 66, 57, 94839, 2602, 13365
2026/07/30 23:49:14.092, 347.17, 65, 57, 94839, 2602, 13365
2026/07/30 23:49:15.177, 348.93, 65, 56, 94839, 2610, 13365
2026/07/30 23:49:16.264, 349.61, 67, 50, 94839, 2602, 13365
2026/07/30 23:49:17.350, 349.94, 66, 53, 94839, 2595, 13365
2026/07/30 23:49:18.438, 347.39, 65, 59, 94839, 2587, 13365
2026/07/30 23:49:19.521, 349.30, 66, 56, 94839, 2595, 13365
2026/07/30 23:49:20.609, 349.61, 65, 53, 94839, 2602, 13365
2026/07/30 23:49:21.692, 348.10, 65, 57, 94839, 2602, 13365
2026/07/30 23:49:22.776, 351.26, 65, 54, 94839, 2602, 13365
2026/07/30 23:49:23.855, 351.51, 66, 59, 94839, 2595, 13365
2026/07/30 23:49:24.947, 351.60, 65, 52, 94839, 2587, 13365
2026/07/30 23:49:26.033, 350.54, 66, 50, 94839, 2602, 13365
2026/07/30 23:49:27.117, 347.57, 65, 59, 94839, 2595, 13365
2026/07/30 23:49:28.204, 351.38, 67, 55, 94839, 2602, 13365
2026/07/30 23:49:29.283, 351.49, 65, 54, 94839, 2595, 13365
2026/07/30 23:49:30.368, 350.91, 66, 59, 94839, 2602, 13365
2026/07/30 23:49:31.450, 349.61, 67, 51, 94839, 2602, 13365
2026/07/30 23:49:32.527, 348.03, 67, 51, 94839, 2602, 13365
2026/07/30 23:49:33.606, 349.64, 66, 48, 94839, 2595, 13365
2026/07/30 23:49:34.690, 351.15, 66, 55, 94839, 2602, 13365
2026/07/30 23:49:35.781, 350.49, 65, 58, 94839, 2595, 13365
2026/07/30 23:49:36.868, 351.14, 67, 51, 94839, 2602, 13365
2026/07/30 23:49:37.951, 352.22, 65, 56, 94839, 2602, 13365
2026/07/30 23:49:39.038, 351.02, 66, 48, 94839, 2602, 13365
2026/07/30 23:49:40.115, 351.63, 67, 51, 94839, 2602, 13365
2026/07/30 23:49:41.204, 350.54, 65, 56, 94839, 2595, 13365
2026/07/30 23:49:42.299, 348.54, 65, 59, 94839, 2595, 13365
2026/07/30 23:49:43.384, 350.71, 67, 55, 94839, 2595, 13365
2026/07/30 23:49:44.471, 349.84, 65, 57, 94839, 2602, 13365
2026/07/30 23:49:45.551, 349.83, 66, 50, 94839, 2602, 13365
2026/07/30 23:49:46.645, 349.27, 66, 52, 94839, 2602, 13365
2026/07/30 23:49:47.727, 350.80, 67, 52, 94839, 2602, 13365
2026/07/30 23:49:48.809, 353.18, 67, 49, 94839, 2595, 13365
2026/07/30 23:49:49.895, 350.94, 67, 50, 94839, 2595, 13365
2026/07/30 23:49:50.978, 348.23, 66, 58, 94839, 2595, 13365
2026/07/30 23:49:52.060, 349.79, 65, 53, 94839, 2595, 13365
2026/07/30 23:49:53.148, 351.59, 65, 53, 94839, 2595, 13365
2026/07/30 23:49:54.233, 349.61, 67, 49, 94839, 2587, 13365
2026/07/30 23:49:55.311, 349.16, 65, 58, 94839, 2602, 13365
2026/07/30 23:49:56.391, 350.64, 67, 53, 94839, 2587, 13365
2026/07/30 23:49:57.477, 352.39, 66, 52, 94839, 2602, 13365
2026/07/30 23:49:58.560, 350.53, 66, 59, 94839, 2587, 13365
2026/07/30 23:49:59.649, 352.56, 67, 53, 94839, 2587, 13365
2026/07/30 23:50:00.737, 349.93, 67, 53, 94839, 2587, 13365
2026/07/30 23:50:01.814, 348.26, 65, 58, 94839, 2602, 13365
2026/07/30 23:50:02.894, 351.81, 65, 56, 94839, 2595, 13365
2026/07/30 23:50:03.978, 348.98, 65, 59, 94839, 2587, 13365
2026/07/30 23:50:05.068, 348.43, 66, 56, 94839, 2595, 13365
2026/07/30 23:50:06.164, 350.55, 67, 56, 94839, 2587, 13365
2026/07/30 23:50:07.245, 347.54, 67, 52, 94839, 2602, 13365
2026/07/30 23:50:08.328, 351.86, 65, 53, 94839, 2587, 13365
2026/07/30 23:50:09.414, 352.07, 65, 59, 94839, 2587, 13365
2026/07/30 23:50:10.495, 347.94, 65, 59, 94839, 2595, 13365
2026/07/30 23:50:11.577, 350.23, 67, 48, 94839, 2602, 13365
2026/07/30 23:50:12.668, 350.36, 67, 54, 94839, 2595, 13365
2026/07/30 23:50:13.757, 349.34, 66, 52, 94839, 2587, 13365
2026/07/30 23:50:14.838, 350.85, 67, 51, 94839, 2595, 13365
2026/07/30 23:50:15.926, 349.77, 65, 59, 94839, 2595, 13365
2026/07/30 23:50:17.016, 351.15, 65, 53, 94839, 2595, 13365
